0,AOA_elevation
	行     2: [2024-11-29 12:11:12.299] APP     : INFO : TWR[0].aoa_elevation       , 18.81
	行    17: [2024-11-29 12:11:12.549] APP     : INFO : TWR[0].aoa_elevation       , 19.13
	行    32: [2024-11-29 12:11:12.799] APP     : INFO : TWR[0].aoa_elevation       , 22.33
	行    47: [2024-11-29 12:11:13.049] APP     : INFO : TWR[0].aoa_elevation       , 21.79
	行    62: [2024-11-29 12:11:13.299] APP     : INFO : TWR[0].aoa_elevation       , 22.53
	行    77: [2024-11-29 12:11:13.549] APP     : INFO : TWR[0].aoa_elevation       , 19.42
	行    92: [2024-11-29 12:11:13.798] APP     : INFO : TWR[0].aoa_elevation       , 17.43
	行   107: [2024-11-29 12:11:14.049] APP     : INFO : TWR[0].aoa_elevation       , 15.36
	行   122: [2024-11-29 12:11:14.299] APP     : INFO : TWR[0].aoa_elevation       , 17.98
	行   137: [2024-11-29 12:11:14.549] APP     : INFO : TWR[0].aoa_elevation       , 21.74
	行   152: [2024-11-29 12:11:14.799] APP     : INFO : TWR[0].aoa_elevation       , 19.39
	行   167: [2024-11-29 12:11:15.049] APP     : INFO : TWR[0].aoa_elevation       , 18.110
	行   182: [2024-11-29 12:11:15.300] APP     : INFO : TWR[0].aoa_elevation       , 20.111
	行   197: [2024-11-29 12:11:15.549] APP     : INFO : TWR[0].aoa_elevation       , 21.23
	行   212: [2024-11-29 12:11:15.800] APP     : INFO : TWR[0].aoa_elevation       , 14.70
	行   227: [2024-11-29 12:11:16.049] APP     : INFO : TWR[0].aoa_elevation       , 14.46
	行   242: [2024-11-29 12:11:16.299] APP     : INFO : TWR[0].aoa_elevation       , 19.20
	行   257: [2024-11-29 12:11:16.549] APP     : INFO : TWR[0].aoa_elevation       , 20.62
	行   272: [2024-11-29 12:11:16.799] APP     : INFO : TWR[0].aoa_elevation       , 20.41
	行   287: [2024-11-29 12:11:17.049] APP     : INFO : TWR[0].aoa_elevation       , 14.78
	行   302: [2024-11-29 12:11:17.299] APP     : INFO : TWR[0].aoa_elevation       , 17.76
	行   317: [2024-11-29 12:11:17.549] APP     : INFO : TWR[0].aoa_elevation       , 15.75
	行   332: [2024-11-29 12:11:17.799] APP     : INFO : TWR[0].aoa_elevation       , 15.47
	行   347: [2024-11-29 12:11:18.049] APP     : INFO : TWR[0].aoa_elevation       , 20.7
	行   362: [2024-11-29 12:11:18.299] APP     : INFO : TWR[0].aoa_elevation       , 17.4
	行   377: [2024-11-29 12:11:18.549] APP     : INFO : TWR[0].aoa_elevation       , 15.76
	行   392: [2024-11-29 12:11:18.799] APP     : INFO : TWR[0].aoa_elevation       , 19.66
	行   407: [2024-11-29 12:11:19.049] APP     : INFO : TWR[0].aoa_elevation       , 19.23
	行   422: [2024-11-29 12:11:19.299] APP     : INFO : TWR[0].aoa_elevation       , 18.31
	行   437: [2024-11-29 12:11:19.549] APP     : INFO : TWR[0].aoa_elevation       , 18.27
	行   452: [2024-11-29 12:11:19.799] APP     : INFO : TWR[0].aoa_elevation       , 16.92
	行   467: [2024-11-29 12:11:20.049] APP     : INFO : TWR[0].aoa_elevation       , 19.126
	行   482: [2024-11-29 12:11:20.299] APP     : INFO : TWR[0].aoa_elevation       , 16.42
	行   497: [2024-11-29 12:11:20.548] APP     : INFO : TWR[0].aoa_elevation       , 15.68
	行   512: [2024-11-29 12:11:20.799] APP     : INFO : TWR[0].aoa_elevation       , 18.55
	行   527: [2024-11-29 12:11:21.049] APP     : INFO : TWR[0].aoa_elevation       , 17.112
	行   542: [2024-11-29 12:11:21.299] APP     : INFO : TWR[0].aoa_elevation       , 20.66
	行   557: [2024-11-29 12:11:21.549] APP     : INFO : TWR[0].aoa_elevation       , 17.53
	行   572: [2024-11-29 12:11:21.799] APP     : INFO : TWR[0].aoa_elevation       , 17.106
	行   587: [2024-11-29 12:11:22.049] APP     : INFO : TWR[0].aoa_elevation       , 13.14
	行   602: [2024-11-29 12:11:22.299] APP     : INFO : TWR[0].aoa_elevation       , 15.120
	行   617: [2024-11-29 12:11:22.549] APP     : INFO : TWR[0].aoa_elevation       , 13.0
	行   632: [2024-11-29 12:11:22.798] APP     : INFO : TWR[0].aoa_elevation       , 11.57
	行   647: [2024-11-29 12:11:23.049] APP     : INFO : TWR[0].aoa_elevation       , 11.42
	行   662: [2024-11-29 12:11:23.298] APP     : INFO : TWR[0].aoa_elevation       , 14.51
	行   677: [2024-11-29 12:11:23.548] APP     : INFO : TWR[0].aoa_elevation       , 12.105
	行   692: [2024-11-29 12:11:23.799] APP     : INFO : TWR[0].aoa_elevation       , 15.22
	行   707: [2024-11-29 12:11:24.049] APP     : INFO : TWR[0].aoa_elevation       , 17.101
	行   722: [2024-11-29 12:11:24.298] APP     : INFO : TWR[0].aoa_elevation       , 17.27
	行   737: [2024-11-29 12:11:24.549] APP     : INFO : TWR[0].aoa_elevation       , 15.45
	行   752: [2024-11-29 12:11:24.798] APP     : INFO : TWR[0].aoa_elevation       , 15.21
	行   767: [2024-11-29 12:11:25.049] APP     : INFO : TWR[0].aoa_elevation       , 15.106
	行   782: [2024-11-29 12:11:25.298] APP     : INFO : TWR[0].aoa_elevation       , 12.57
	行   797: [2024-11-29 12:11:25.549] APP     : INFO : TWR[0].aoa_elevation       , 20.19
	行   812: [2024-11-29 12:11:25.798] APP     : INFO : TWR[0].aoa_elevation       , 16.123
	行   827: [2024-11-29 12:11:26.049] APP     : INFO : TWR[0].aoa_elevation       , 14.85
	行   842: [2024-11-29 12:11:26.298] APP     : INFO : TWR[0].aoa_elevation       , 18.28
	行   857: [2024-11-29 12:11:26.549] APP     : INFO : TWR[0].aoa_elevation       , 13.102
	行   872: [2024-11-29 12:11:26.799] APP     : INFO : TWR[0].aoa_elevation       , 18.95
	行   887: [2024-11-29 12:11:27.049] APP     : INFO : TWR[0].aoa_elevation       , 15.49
	行   902: [2024-11-29 12:11:27.299] APP     : INFO : TWR[0].aoa_elevation       , 14.116
	行   917: [2024-11-29 12:11:27.549] APP     : INFO : TWR[0].aoa_elevation       , 19.69
	行   932: [2024-11-29 12:11:27.799] APP     : INFO : TWR[0].aoa_elevation       , 17.118
	行   947: [2024-11-29 12:11:28.049] APP     : INFO : TWR[0].aoa_elevation       , 17.80
	行   962: [2024-11-29 12:11:28.299] APP     : INFO : TWR[0].aoa_elevation       , 16.113
	行   977: [2024-11-29 12:11:28.548] APP     : INFO : TWR[0].aoa_elevation       , 15.80
	行   992: [2024-11-29 12:11:28.799] APP     : INFO : TWR[0].aoa_elevation       , 13.40
	行  1007: [2024-11-29 12:11:29.048] APP     : INFO : TWR[0].aoa_elevation       , 16.102
	行  1022: [2024-11-29 12:11:29.299] APP     : INFO : TWR[0].aoa_elevation       , 18.96
	行  1037: [2024-11-29 12:11:29.548] APP     : INFO : TWR[0].aoa_elevation       , 17.80
	行  1052: [2024-11-29 12:11:29.799] APP     : INFO : TWR[0].aoa_elevation       , 17.66
	行  1067: [2024-11-29 12:11:30.048] APP     : INFO : TWR[0].aoa_elevation       , 16.107
	行  1082: [2024-11-29 12:11:30.299] APP     : INFO : TWR[0].aoa_elevation       , 13.101
	行  1097: [2024-11-29 12:11:30.548] APP     : INFO : TWR[0].aoa_elevation       , 18.80
	行  1112: [2024-11-29 12:11:30.798] APP     : INFO : TWR[0].aoa_elevation       , 18.88
	行  1127: [2024-11-29 12:11:31.048] APP     : INFO : TWR[0].aoa_elevation       , 20.72
	行  1142: [2024-11-29 12:11:31.298] APP     : INFO : TWR[0].aoa_elevation       , 21.17
	行  1157: [2024-11-29 12:11:31.549] APP     : INFO : TWR[0].aoa_elevation       , 17.77
	行  1172: [2024-11-29 12:11:31.799] APP     : INFO : TWR[0].aoa_elevation       , 17.29
	行  1187: [2024-11-29 12:11:32.049] APP     : INFO : TWR[0].aoa_elevation       , 16.126
	行  1202: [2024-11-29 12:11:32.298] APP     : INFO : TWR[0].aoa_elevation       , 17.12
	行  1217: [2024-11-29 12:11:32.549] APP     : INFO : TWR[0].aoa_elevation       , 15.87
	行  1232: [2024-11-29 12:11:32.798] APP     : INFO : TWR[0].aoa_elevation       , 15.93
	行  1247: [2024-11-29 12:11:33.049] APP     : INFO : TWR[0].aoa_elevation       , 16.27
	行  1262: [2024-11-29 12:11:33.298] APP     : INFO : TWR[0].aoa_elevation       , 18.87
	行  1277: [2024-11-29 12:11:33.548] APP     : INFO : TWR[0].aoa_elevation       , 17.60
	行  1292: [2024-11-29 12:11:33.798] APP     : INFO : TWR[0].aoa_elevation       , 18.124
	行  1307: [2024-11-29 12:11:34.048] APP     : INFO : TWR[0].aoa_elevation       , 17.56
	行  1322: [2024-11-29 12:11:34.298] APP     : INFO : TWR[0].aoa_elevation       , 18.92
	行  1337: [2024-11-29 12:11:34.549] APP     : INFO : TWR[0].aoa_elevation       , 12.119
	行  1352: [2024-11-29 12:11:34.798] APP     : INFO : TWR[0].aoa_elevation       , 18.19
	行  1367: [2024-11-29 12:11:35.048] APP     : INFO : TWR[0].aoa_elevation       , 18.64
	行  1382: [2024-11-29 12:11:35.298] APP     : INFO : TWR[0].aoa_elevation       , 24.14
	行  1397: [2024-11-29 12:11:35.549] APP     : INFO : TWR[0].aoa_elevation       , 16.61
	行  1412: [2024-11-29 12:11:35.798] APP     : INFO : TWR[0].aoa_elevation       , 14.115
	行  1427: [2024-11-29 12:11:36.049] APP     : INFO : TWR[0].aoa_elevation       , 14.6
	行  1442: [2024-11-29 12:11:36.298] APP     : INFO : TWR[0].aoa_elevation       , 14.118
	行  1457: [2024-11-29 12:11:36.548] APP     : INFO : TWR[0].aoa_elevation       , 13.84
	行  1472: [2024-11-29 12:11:36.797] APP     : INFO : TWR[0].aoa_elevation       , 10.117
	行  1487: [2024-11-29 12:11:37.049] APP     : INFO : TWR[0].aoa_elevation       , 13.62
	行  1502: [2024-11-29 12:11:37.299] APP     : INFO : TWR[0].aoa_elevation       , 10.34
	行  1517: [2024-11-29 12:11:37.548] APP     : INFO : TWR[0].aoa_elevation       , 5.29
	行  1532: [2024-11-29 12:11:37.798] APP     : INFO : TWR[0].aoa_elevation       , 4.50
	行  1547: [2024-11-29 12:11:38.048] APP     : INFO : TWR[0].aoa_elevation       , 3.105
	行  1562: [2024-11-29 12:11:38.298] APP     : INFO : TWR[0].aoa_elevation       , 4.66
	行  1577: [2024-11-29 12:11:38.547] APP     : INFO : TWR[0].aoa_elevation       , 3.60
	行  1592: [2024-11-29 12:11:38.798] APP     : INFO : TWR[0].aoa_elevation       , 2.33
	行  1607: [2024-11-29 12:11:39.048] APP     : INFO : TWR[0].aoa_elevation       , 2.112
	行  1622: [2024-11-29 12:11:39.299] APP     : INFO : TWR[0].aoa_elevation       , 2.5
	行  1637: [2024-11-29 12:11:39.548] APP     : INFO : TWR[0].aoa_elevation       , 1.104
	行  1652: [2024-11-29 12:11:39.799] APP     : INFO : TWR[0].aoa_elevation       , 2.21
	行  1667: [2024-11-29 12:11:40.048] APP     : INFO : TWR[0].aoa_elevation       , 1.87
	行  1682: [2024-11-29 12:11:40.297] APP     : INFO : TWR[0].aoa_elevation       , 1.42
	行  1697: [2024-11-29 12:11:40.548] APP     : INFO : TWR[0].aoa_elevation       , 1.78
	行  1712: [2024-11-29 12:11:40.799] APP     : INFO : TWR[0].aoa_elevation       , 1.84
	行  1727: [2024-11-29 12:11:41.048] APP     : INFO : TWR[0].aoa_elevation       , 1.5
	行  1742: [2024-11-29 12:11:41.297] APP     : INFO : TWR[0].aoa_elevation       , 1.91
	行  1757: [2024-11-29 12:11:41.548] APP     : INFO : TWR[0].aoa_elevation       , 1.8
	行  1772: [2024-11-29 12:11:41.798] APP     : INFO : TWR[0].aoa_elevation       , 1.12
	行  1787: [2024-11-29 12:11:42.048] APP     : INFO : TWR[0].aoa_elevation       , 1.27
	行  1802: [2024-11-29 12:11:42.298] APP     : INFO : TWR[0].aoa_elevation       , 0.122
	行  1817: [2024-11-29 12:11:42.549] APP     : INFO : TWR[0].aoa_elevation       , 1.25
	行  1832: [2024-11-29 12:11:42.798] APP     : INFO : TWR[0].aoa_elevation       , 0.112
	行  1847: [2024-11-29 12:11:43.049] APP     : INFO : TWR[0].aoa_elevation       , 1.113
	行  1862: [2024-11-29 12:11:43.298] APP     : INFO : TWR[0].aoa_elevation       , 2.5
	行  1877: [2024-11-29 12:11:43.549] APP     : INFO : TWR[0].aoa_elevation       , 2.18
	行  1892: [2024-11-29 12:11:43.798] APP     : INFO : TWR[0].aoa_elevation       , 2.81
	行  1907: [2024-11-29 12:11:44.050] APP     : INFO : TWR[0].aoa_elevation       , 2.97
	行  1922: [2024-11-29 12:11:44.297] APP     : INFO : TWR[0].aoa_elevation       , 2.104
	行  1937: [2024-11-29 12:11:44.549] APP     : INFO : TWR[0].aoa_elevation       , 2.125
	行  1952: [2024-11-29 12:11:44.799] APP     : INFO : TWR[0].aoa_elevation       , 2.35
	行  1967: [2024-11-29 12:11:45.048] APP     : INFO : TWR[0].aoa_elevation       , 1.54
	行  1982: [2024-11-29 12:11:45.298] APP     : INFO : TWR[0].aoa_elevation       , 1.68
	行  1997: [2024-11-29 12:11:45.549] APP     : INFO : TWR[0].aoa_elevation       , 2.80
	行  2012: [2024-11-29 12:11:45.797] APP     : INFO : TWR[0].aoa_elevation       , 3.37
	行  2027: [2024-11-29 12:11:46.048] APP     : INFO : TWR[0].aoa_elevation       , 2.52
	行  2042: [2024-11-29 12:11:46.298] APP     : INFO : TWR[0].aoa_elevation       , 2.72
	行  2057: [2024-11-29 12:11:46.547] APP     : INFO : TWR[0].aoa_elevation       , 3.10
	行  2072: [2024-11-29 12:11:46.798] APP     : INFO : TWR[0].aoa_elevation       , 2.40
	行  2087: [2024-11-29 12:11:47.048] APP     : INFO : TWR[0].aoa_elevation       , 2.116
	行  2102: [2024-11-29 12:11:47.298] APP     : INFO : TWR[0].aoa_elevation       , 2.72
	行  2117: [2024-11-29 12:11:47.547] APP     : INFO : TWR[0].aoa_elevation       , 1.121
	行  2132: [2024-11-29 12:11:47.798] APP     : INFO : TWR[0].aoa_elevation       , 1.1
	行  2147: [2024-11-29 12:11:48.048] APP     : INFO : TWR[0].aoa_elevation       , 1.7
	行  2162: [2024-11-29 12:11:48.299] APP     : INFO : TWR[0].aoa_elevation       , 2.12
	行  2177: [2024-11-29 12:11:48.548] APP     : INFO : TWR[0].aoa_elevation       , 1.93
	行  2192: [2024-11-29 12:11:48.798] APP     : INFO : TWR[0].aoa_elevation       , 1.116
	行  2207: [2024-11-29 12:11:49.048] APP     : INFO : TWR[0].aoa_elevation       , 2.21
	行  2222: [2024-11-29 12:11:49.299] APP     : INFO : TWR[0].aoa_elevation       , 2.71
	行  2237: [2024-11-29 12:11:49.548] APP     : INFO : TWR[0].aoa_elevation       , 2.127
	行  2252: [2024-11-29 12:11:49.799] APP     : INFO : TWR[0].aoa_elevation       , 2.123
	行  2267: [2024-11-29 12:11:50.048] APP     : INFO : TWR[0].aoa_elevation       , 2.83
	行  2282: [2024-11-29 12:11:50.298] APP     : INFO : TWR[0].aoa_elevation       , 0.97
	行  2297: [2024-11-29 12:11:50.549] APP     : INFO : TWR[0].aoa_elevation       , 2.111
	行  2312: [2024-11-29 12:11:50.798] APP     : INFO : TWR[0].aoa_elevation       , 2.72
	行  2327: [2024-11-29 12:11:51.047] APP     : INFO : TWR[0].aoa_elevation       , 1.8
	行  2342: [2024-11-29 12:11:51.297] APP     : INFO : TWR[0].aoa_elevation       , 1.0
	行  2357: [2024-11-29 12:11:51.548] APP     : INFO : TWR[0].aoa_elevation       , 0.93
	行  2372: [2024-11-29 12:11:51.798] APP     : INFO : TWR[0].aoa_elevation       , 0.69
	行  2387: [2024-11-29 12:11:52.047] APP     : INFO : TWR[0].aoa_elevation       , 0.121
	行  2402: [2024-11-29 12:11:52.298] APP     : INFO : TWR[0].aoa_elevation       , 0.102
	行  2417: [2024-11-29 12:11:52.547] APP     : INFO : TWR[0].aoa_elevation       , -1.114
	行  2432: [2024-11-29 12:11:52.798] APP     : INFO : TWR[0].aoa_elevation       , 0.90
	行  2447: [2024-11-29 12:11:53.048] APP     : INFO : TWR[0].aoa_elevation       , 0.70
	行  2462: [2024-11-29 12:11:53.298] APP     : INFO : TWR[0].aoa_elevation       , 1.2
	行  2477: [2024-11-29 12:11:53.549] APP     : INFO : TWR[0].aoa_elevation       , 1.22
	行  2492: [2024-11-29 12:11:53.798] APP     : INFO : TWR[0].aoa_elevation       , 0.15
	行  2507: [2024-11-29 12:11:54.048] APP     : INFO : TWR[0].aoa_elevation       , -1.115
	行  2522: [2024-11-29 12:11:54.298] APP     : INFO : TWR[0].aoa_elevation       , -2.33
	行  2537: [2024-11-29 12:11:54.548] APP     : INFO : TWR[0].aoa_elevation       , -1.55
	行  2552: [2024-11-29 12:11:54.798] APP     : INFO : TWR[0].aoa_elevation       , -1.97
	行  2567: [2024-11-29 12:11:55.048] APP     : INFO : TWR[0].aoa_elevation       , 1.94
	行  2582: [2024-11-29 12:11:55.297] APP     : INFO : TWR[0].aoa_elevation       , 4.104
	行  2597: [2024-11-29 12:11:55.549] APP     : INFO : TWR[0].aoa_elevation       , 4.55
	行  2612: [2024-11-29 12:11:55.798] APP     : INFO : TWR[0].aoa_elevation       , 3.81
	行  2627: [2024-11-29 12:11:56.048] APP     : INFO : TWR[0].aoa_elevation       , 3.104
	行  2642: [2024-11-29 12:11:56.298] APP     : INFO : TWR[0].aoa_elevation       , 1.103
	行  2657: [2024-11-29 12:11:56.548] APP     : INFO : TWR[0].aoa_elevation       , 8.106
	行  2672: [2024-11-29 12:11:56.797] APP     : INFO : TWR[0].aoa_elevation       , 13.20
	行  2687: [2024-11-29 12:11:57.048] APP     : INFO : TWR[0].aoa_elevation       , 13.12
	行  2702: [2024-11-29 12:11:57.298] APP     : INFO : TWR[0].aoa_elevation       , 13.14
	行  2717: [2024-11-29 12:11:57.548] APP     : INFO : TWR[0].aoa_elevation       , 8.110
	行  2732: [2024-11-29 12:11:57.797] APP     : INFO : TWR[0].aoa_elevation       , 8.59
	行  2747: [2024-11-29 12:11:58.048] APP     : INFO : TWR[0].aoa_elevation       , 12.11
	行  2762: [2024-11-29 12:11:58.298] APP     : INFO : TWR[0].aoa_elevation       , 14.67
	行  2777: [2024-11-29 12:11:58.548] APP     : INFO : TWR[0].aoa_elevation       , 13.91
	行  2792: [2024-11-29 12:11:58.797] APP     : INFO : TWR[0].aoa_elevation       , 14.100
	行  2807: [2024-11-29 12:11:59.048] APP     : INFO : TWR[0].aoa_elevation       , 15.37
	行  2822: [2024-11-29 12:11:59.298] APP     : INFO : TWR[0].aoa_elevation       , 13.88
	行  2837: [2024-11-29 12:11:59.548] APP     : INFO : TWR[0].aoa_elevation       , 13.53
	行  2852: [2024-11-29 12:11:59.798] APP     : INFO : TWR[0].aoa_elevation       , 14.76
	行  2867: [2024-11-29 12:12:00.047] APP     : INFO : TWR[0].aoa_elevation       , 14.105
	行  2882: [2024-11-29 12:12:00.298] APP     : INFO : TWR[0].aoa_elevation       , 13.87
	行  2897: [2024-11-29 12:12:00.548] APP     : INFO : TWR[0].aoa_elevation       , 14.112
	行  2912: [2024-11-29 12:12:00.798] APP     : INFO : TWR[0].aoa_elevation       , 14.94
	行  2927: [2024-11-29 12:12:01.048] APP     : INFO : TWR[0].aoa_elevation       , 14.120
	行  2942: [2024-11-29 12:12:01.297] APP     : INFO : TWR[0].aoa_elevation       , 13.77
	行  2957: [2024-11-29 12:12:01.548] APP     : INFO : TWR[0].aoa_elevation       , 14.79
	行  2972: [2024-11-29 12:12:01.798] APP     : INFO : TWR[0].aoa_elevation       , 14.25
	行  2987: [2024-11-29 12:12:02.049] APP     : INFO : TWR[0].aoa_elevation       , 13.64
	行  3002: [2024-11-29 12:12:02.297] APP     : INFO : TWR[0].aoa_elevation       , 13.126
	行  3017: [2024-11-29 12:12:02.547] APP     : INFO : TWR[0].aoa_elevation       , 14.116
	行  3032: [2024-11-29 12:12:02.798] APP     : INFO : TWR[0].aoa_elevation       , 15.46
	行  3047: [2024-11-29 12:12:03.047] APP     : INFO : TWR[0].aoa_elevation       , 16.106
	行  3062: [2024-11-29 12:12:03.298] APP     : INFO : TWR[0].aoa_elevation       , 14.124
	行  3077: [2024-11-29 12:12:03.548] APP     : INFO : TWR[0].aoa_elevation       , 14.88
	行  3092: [2024-11-29 12:12:03.798] APP     : INFO : TWR[0].aoa_elevation       , 15.53
	行  3107: [2024-11-29 12:12:04.047] APP     : INFO : TWR[0].aoa_elevation       , 14.118
	行  3122: [2024-11-29 12:12:04.298] APP     : INFO : TWR[0].aoa_elevation       , 14.46
	行  3137: [2024-11-29 12:12:04.548] APP     : INFO : TWR[0].aoa_elevation       , 15.107
	行  3152: [2024-11-29 12:12:04.798] APP     : INFO : TWR[0].aoa_elevation       , 17.1
	行  3167: [2024-11-29 12:12:05.048] APP     : INFO : TWR[0].aoa_elevation       , 14.8
	行  3182: [2024-11-29 12:12:05.297] APP     : INFO : TWR[0].aoa_elevation       , 14.17
	行  3197: [2024-11-29 12:12:05.548] APP     : INFO : TWR[0].aoa_elevation       , 15.32
	行  3212: [2024-11-29 12:12:05.798] APP     : INFO : TWR[0].aoa_elevation       , 14.34
	行  3227: [2024-11-29 12:12:06.048] APP     : INFO : TWR[0].aoa_elevation       , 14.80
	行  3242: [2024-11-29 12:12:06.297] APP     : INFO : TWR[0].aoa_elevation       , 13.109
	行  3257: [2024-11-29 12:12:06.548] APP     : INFO : TWR[0].aoa_elevation       , 16.44
	行  3272: [2024-11-29 12:12:06.797] APP     : INFO : TWR[0].aoa_elevation       , 14.47
	行  3287: [2024-11-29 12:12:07.048] APP     : INFO : TWR[0].aoa_elevation       , 15.26
	行  3302: [2024-11-29 12:12:07.297] APP     : INFO : TWR[0].aoa_elevation       , 13.73
	行  3317: [2024-11-29 12:12:07.548] APP     : INFO : TWR[0].aoa_elevation       , 15.42
	行  3332: [2024-11-29 12:12:07.797] APP     : INFO : TWR[0].aoa_elevation       , 16.53
	行  3347: [2024-11-29 12:12:08.047] APP     : INFO : TWR[0].aoa_elevation       , 14.24
	行  3362: [2024-11-29 12:12:08.297] APP     : INFO : TWR[0].aoa_elevation       , 16.0
	行  3377: [2024-11-29 12:12:08.548] APP     : INFO : TWR[0].aoa_elevation       , 14.77
	行  3392: [2024-11-29 12:12:08.798] APP     : INFO : TWR[0].aoa_elevation       , 14.13
	行  3407: [2024-11-29 12:12:09.048] APP     : INFO : TWR[0].aoa_elevation       , 14.89
	行  3422: [2024-11-29 12:12:09.297] APP     : INFO : TWR[0].aoa_elevation       , 15.13
	行  3437: [2024-11-29 12:12:09.548] APP     : INFO : TWR[0].aoa_elevation       , 14.120
	行  3452: [2024-11-29 12:12:09.798] APP     : INFO : TWR[0].aoa_elevation       , 14.100
	行  3467: [2024-11-29 12:12:10.047] APP     : INFO : TWR[0].aoa_elevation       , 15.49
	行  3482: [2024-11-29 12:12:10.296] APP     : INFO : TWR[0].aoa_elevation       , 15.32
	行  3497: [2024-11-29 12:12:10.548] APP     : INFO : TWR[0].aoa_elevation       , 15.16
	行  3512: [2024-11-29 12:12:10.798] APP     : INFO : TWR[0].aoa_elevation       , 15.47
	行  3527: [2024-11-29 12:12:11.047] APP     : INFO : TWR[0].aoa_elevation       , 15.126
	行  3542: [2024-11-29 12:12:11.297] APP     : INFO : TWR[0].aoa_elevation       , 15.46
	行  3557: [2024-11-29 12:12:11.547] APP     : INFO : TWR[0].aoa_elevation       , 14.34
	行  3572: [2024-11-29 12:12:11.798] APP     : INFO : TWR[0].aoa_elevation       , 15.106
	行  3587: [2024-11-29 12:12:12.048] APP     : INFO : TWR[0].aoa_elevation       , 14.78
	行  3602: [2024-11-29 12:12:12.297] APP     : INFO : TWR[0].aoa_elevation       , 15.59
	行  3617: [2024-11-29 12:12:12.547] APP     : INFO : TWR[0].aoa_elevation       , 16.118
	行  3632: [2024-11-29 12:12:12.798] APP     : INFO : TWR[0].aoa_elevation       , 16.119
	行  3647: [2024-11-29 12:12:13.047] APP     : INFO : TWR[0].aoa_elevation       , 15.21
	行  3662: [2024-11-29 12:12:13.298] APP     : INFO : TWR[0].aoa_elevation       , 14.108
	行  3677: [2024-11-29 12:12:13.547] APP     : INFO : TWR[0].aoa_elevation       , 15.77
	行  3692: [2024-11-29 12:12:13.797] APP     : INFO : TWR[0].aoa_elevation       , 16.43
	行  3707: [2024-11-29 12:12:14.047] APP     : INFO : TWR[0].aoa_elevation       , 16.32
	行  3722: [2024-11-29 12:12:14.298] APP     : INFO : TWR[0].aoa_elevation       , 14.11
	行  3737: [2024-11-29 12:12:14.547] APP     : INFO : TWR[0].aoa_elevation       , 14.121
	行  3752: [2024-11-29 12:12:14.798] APP     : INFO : TWR[0].aoa_elevation       , 15.0
	行  3767: [2024-11-29 12:12:15.047] APP     : INFO : TWR[0].aoa_elevation       , 15.106
	行  3782: [2024-11-29 12:12:15.297] APP     : INFO : TWR[0].aoa_elevation       , 16.36
	行  3797: [2024-11-29 12:12:15.547] APP     : INFO : TWR[0].aoa_elevation       , 13.124
	行  3812: [2024-11-29 12:12:15.798] APP     : INFO : TWR[0].aoa_elevation       , 14.23
	行  3827: [2024-11-29 12:12:16.048] APP     : INFO : TWR[0].aoa_elevation       , 14.97
	行  3842: [2024-11-29 12:12:16.297] APP     : INFO : TWR[0].aoa_elevation       , 14.74
	行  3857: [2024-11-29 12:12:16.548] APP     : INFO : TWR[0].aoa_elevation       , 14.69
	行  3872: [2024-11-29 12:12:16.797] APP     : INFO : TWR[0].aoa_elevation       , 14.85
	行  3887: [2024-11-29 12:12:17.048] APP     : INFO : TWR[0].aoa_elevation       , 14.46
	行  3902: [2024-11-29 12:12:17.297] APP     : INFO : TWR[0].aoa_elevation       , 13.118
	行  3917: [2024-11-29 12:12:17.547] APP     : INFO : TWR[0].aoa_elevation       , 14.67
	行  3932: [2024-11-29 12:12:17.798] APP     : INFO : TWR[0].aoa_elevation       , 15.12
	行  3947: [2024-11-29 12:12:18.048] APP     : INFO : TWR[0].aoa_elevation       , 15.100
	行  3962: [2024-11-29 12:12:18.297] APP     : INFO : TWR[0].aoa_elevation       , 16.64
	行  3977: [2024-11-29 12:12:18.547] APP     : INFO : TWR[0].aoa_elevation       , 14.22
	行  3992: [2024-11-29 12:12:18.796] APP     : INFO : TWR[0].aoa_elevation       , 13.116
	行  4007: [2024-11-29 12:12:19.048] APP     : INFO : TWR[0].aoa_elevation       , 14.16
	行  4022: [2024-11-29 12:12:19.297] APP     : INFO : TWR[0].aoa_elevation       , 13.67
	行  4037: [2024-11-29 12:12:19.547] APP     : INFO : TWR[0].aoa_elevation       , 17.30
	行  4052: [2024-11-29 12:12:19.797] APP     : INFO : TWR[0].aoa_elevation       , 13.71
	行  4067: [2024-11-29 12:12:20.047] APP     : INFO : TWR[0].aoa_elevation       , 16.35
	行  4082: [2024-11-29 12:12:20.297] APP     : INFO : TWR[0].aoa_elevation       , 15.74
	行  4097: [2024-11-29 12:12:20.547] APP     : INFO : TWR[0].aoa_elevation       , 14.40
	行  4112: [2024-11-29 12:12:20.797] APP     : INFO : TWR[0].aoa_elevation       , 17.88
	行  4127: [2024-11-29 12:12:21.047] APP     : INFO : TWR[0].aoa_elevation       , 14.24
	行  4142: [2024-11-29 12:12:21.297] APP     : INFO : TWR[0].aoa_elevation       , 14.48
	行  4157: [2024-11-29 12:12:21.547] APP     : INFO : TWR[0].aoa_elevation       , 17.71
	行  4172: [2024-11-29 12:12:21.798] APP     : INFO : TWR[0].aoa_elevation       , 16.20
	行  4187: [2024-11-29 12:12:22.047] APP     : INFO : TWR[0].aoa_elevation       , 11.35
	行  4202: [2024-11-29 12:12:22.298] APP     : INFO : TWR[0].aoa_elevation       , 17.81
	行  4217: [2024-11-29 12:12:22.547] APP     : INFO : TWR[0].aoa_elevation       , -2.28
	行  4232: [2024-11-29 12:12:22.797] APP     : INFO : TWR[0].aoa_elevation       , 18.50
	行  4247: [2024-11-29 12:12:23.047] APP     : INFO : TWR[0].aoa_elevation       , -40.103
	行  4262: [2024-11-29 12:12:23.297] APP     : INFO : TWR[0].aoa_elevation       , -36.85
	行  4277: [2024-11-29 12:12:23.546] APP     : INFO : TWR[0].aoa_elevation       , -32.105
	行  4292: [2024-11-29 12:12:23.798] APP     : INFO : TWR[0].aoa_elevation       , -43.27
	行  4307: [2024-11-29 12:12:24.047] APP     : INFO : TWR[0].aoa_elevation       , -41.45
	行  4322: [2024-11-29 12:12:24.297] APP     : INFO : TWR[0].aoa_elevation       , -24.23
	行  4337: [2024-11-29 12:12:24.547] APP     : INFO : TWR[0].aoa_elevation       , -31.100
	行  4352: [2024-11-29 12:12:24.796] APP     : INFO : TWR[0].aoa_elevation       , -29.104
	行  4367: [2024-11-29 12:12:25.047] APP     : INFO : TWR[0].aoa_elevation       , -24.57
	行  4382: [2024-11-29 12:12:25.297] APP     : INFO : TWR[0].aoa_elevation       , -9.51
	行  4397: [2024-11-29 12:12:25.547] APP     : INFO : TWR[0].aoa_elevation       , -17.112
	行  4412: [2024-11-29 12:12:25.797] APP     : INFO : TWR[0].aoa_elevation       , -11.33
	行  4427: [2024-11-29 12:12:26.048] APP     : INFO : TWR[0].aoa_elevation       , -10.119
	行  4442: [2024-11-29 12:12:26.297] APP     : INFO : TWR[0].aoa_elevation       , -9.14
	行  4457: [2024-11-29 12:12:26.548] APP     : INFO : TWR[0].aoa_elevation       , -10.31
	行  4472: [2024-11-29 12:12:26.797] APP     : INFO : TWR[0].aoa_elevation       , -9.48
	行  4487: [2024-11-29 12:12:27.048] APP     : INFO : TWR[0].aoa_elevation       , -10.80
	行  4502: [2024-11-29 12:12:27.297] APP     : INFO : TWR[0].aoa_elevation       , -8.32
	行  4517: [2024-11-29 12:12:27.548] APP     : INFO : TWR[0].aoa_elevation       , -9.81
	行  4532: [2024-11-29 12:12:27.797] APP     : INFO : TWR[0].aoa_elevation       , -9.48
	行  4547: [2024-11-29 12:12:28.047] APP     : INFO : TWR[0].aoa_elevation       , -11.109
	行  4562: [2024-11-29 12:12:28.297] APP     : INFO : TWR[0].aoa_elevation       , -9.17
	行  4577: [2024-11-29 12:12:28.548] APP     : INFO : TWR[0].aoa_elevation       , -9.118
	行  4592: [2024-11-29 12:12:28.797] APP     : INFO : TWR[0].aoa_elevation       , -9.60
	行  4607: [2024-11-29 12:12:29.047] APP     : INFO : TWR[0].aoa_elevation       , -10.111
	行  4622: [2024-11-29 12:12:29.297] APP     : INFO : TWR[0].aoa_elevation       , -10.0
	行  4637: [2024-11-29 12:12:29.547] APP     : INFO : TWR[0].aoa_elevation       , -11.14
	行  4652: [2024-11-29 12:12:29.797] APP     : INFO : TWR[0].aoa_elevation       , -11.26
	行  4667: [2024-11-29 12:12:30.047] APP     : INFO : TWR[0].aoa_elevation       , -11.17
	行  4682: [2024-11-29 12:12:30.297] APP     : INFO : TWR[0].aoa_elevation       , -11.83
	行  4697: [2024-11-29 12:12:30.546] APP     : INFO : TWR[0].aoa_elevation       , -12.108
	行  4712: [2024-11-29 12:12:30.796] APP     : INFO : TWR[0].aoa_elevation       , -12.96
	行  4727: [2024-11-29 12:12:31.047] APP     : INFO : TWR[0].aoa_elevation       , -15.76
	行  4742: [2024-11-29 12:12:31.297] APP     : INFO : TWR[0].aoa_elevation       , -12.49
	行  4757: [2024-11-29 12:12:31.547] APP     : INFO : TWR[0].aoa_elevation       , -9.24
	行  4772: [2024-11-29 12:12:31.797] APP     : INFO : TWR[0].aoa_elevation       , -11.28
	行  4787: [2024-11-29 12:12:32.047] APP     : INFO : TWR[0].aoa_elevation       , -15.111
	行  4802: [2024-11-29 12:12:32.296] APP     : INFO : TWR[0].aoa_elevation       , -11.1
	行  4817: [2024-11-29 12:12:32.547] APP     : INFO : TWR[0].aoa_elevation       , -11.54
	行  4832: [2024-11-29 12:12:32.797] APP     : INFO : TWR[0].aoa_elevation       , -11.96
	行  4847: [2024-11-29 12:12:33.047] APP     : INFO : TWR[0].aoa_elevation       , -15.28
	行  4862: [2024-11-29 12:12:33.297] APP     : INFO : TWR[0].aoa_elevation       , -14.45
	行  4877: [2024-11-29 12:12:33.548] APP     : INFO : TWR[0].aoa_elevation       , -13.95
	行  4892: [2024-11-29 12:12:33.798] APP     : INFO : TWR[0].aoa_elevation       , -6.5
	行  4907: [2024-11-29 12:12:34.047] APP     : INFO : TWR[0].aoa_elevation       , -30.70
	行  4922: [2024-11-29 12:12:34.297] APP     : INFO : TWR[0].aoa_elevation       , -16.2
	行  4937: [2024-11-29 12:12:34.547] APP     : INFO : TWR[0].aoa_elevation       , -13.77
	行  4952: [2024-11-29 12:12:34.797] APP     : INFO : TWR[0].aoa_elevation       , -12.102
	行  4967: [2024-11-29 12:12:35.046] APP     : INFO : TWR[0].aoa_elevation       , -15.26
	行  4982: [2024-11-29 12:12:35.297] APP     : INFO : TWR[0].aoa_elevation       , -14.87
	行  4997: [2024-11-29 12:12:35.547] APP     : INFO : TWR[0].aoa_elevation       , -13.92
	行  5012: [2024-11-29 12:12:35.796] APP     : INFO : TWR[0].aoa_elevation       , -15.70
	行  5027: [2024-11-29 12:12:36.047] APP     : INFO : TWR[0].aoa_elevation       , -14.82
	行  5042: [2024-11-29 12:12:36.297] APP     : INFO : TWR[0].aoa_elevation       , -15.73
	行  5057: [2024-11-29 12:12:36.547] APP     : INFO : TWR[0].aoa_elevation       , -13.41
	行  5072: [2024-11-29 12:12:36.797] APP     : INFO : TWR[0].aoa_elevation       , -14.93
	行  5087: [2024-11-29 12:12:37.046] APP     : INFO : TWR[0].aoa_elevation       , -14.21
	行  5102: [2024-11-29 12:12:37.297] APP     : INFO : TWR[0].aoa_elevation       , -19.115
	行  5117: [2024-11-29 12:12:37.546] APP     : INFO : TWR[0].aoa_elevation       , -21.37
	行  5132: [2024-11-29 12:12:37.797] APP     : INFO : TWR[0].aoa_elevation       , -23.126
	行  5147: [2024-11-29 12:12:38.046] APP     : INFO : TWR[0].aoa_elevation       , -22.73
	行  5162: [2024-11-29 12:12:38.297] APP     : INFO : TWR[0].aoa_elevation       , -22.31
	行  5177: [2024-11-29 12:12:38.546] APP     : INFO : TWR[0].aoa_elevation       , -21.5
	行  5192: [2024-11-29 12:12:38.797] APP     : INFO : TWR[0].aoa_elevation       , -20.60
	行  5207: [2024-11-29 12:12:39.047] APP     : INFO : TWR[0].aoa_elevation       , -20.104
	行  5222: [2024-11-29 12:12:39.297] APP     : INFO : TWR[0].aoa_elevation       , -20.80
	行  5237: [2024-11-29 12:12:39.547] APP     : INFO : TWR[0].aoa_elevation       , -19.3
	行  5252: [2024-11-29 12:12:39.797] APP     : INFO : TWR[0].aoa_elevation       , -19.61
	行  5267: [2024-11-29 12:12:40.047] APP     : INFO : TWR[0].aoa_elevation       , -21.94
	行  5282: [2024-11-29 12:12:40.296] APP     : INFO : TWR[0].aoa_elevation       , -23.42
	行  5297: [2024-11-29 12:12:40.547] APP     : INFO : TWR[0].aoa_elevation       , -20.84
	行  5312: [2024-11-29 12:12:40.796] APP     : INFO : TWR[0].aoa_elevation       , -19.5
	行  5327: [2024-11-29 12:12:41.047] APP     : INFO : TWR[0].aoa_elevation       , -20.21
	行  5342: [2024-11-29 12:12:41.297] APP     : INFO : TWR[0].aoa_elevation       , -20.42
	行  5357: [2024-11-29 12:12:41.547] APP     : INFO : TWR[0].aoa_elevation       , -21.97
	行  5372: [2024-11-29 12:12:41.796] APP     : INFO : TWR[0].aoa_elevation       , -21.105
	行  5387: [2024-11-29 12:12:42.047] APP     : INFO : TWR[0].aoa_elevation       , -20.66
	行  5402: [2024-11-29 12:12:42.296] APP     : INFO : TWR[0].aoa_elevation       , -20.29
	行  5417: [2024-11-29 12:12:42.547] APP     : INFO : TWR[0].aoa_elevation       , -20.17
	行  5432: [2024-11-29 12:12:42.796] APP     : INFO : TWR[0].aoa_elevation       , -20.74
	行  5447: [2024-11-29 12:12:43.047] APP     : INFO : TWR[0].aoa_elevation       , -20.45
	行  5462: [2024-11-29 12:12:43.296] APP     : INFO : TWR[0].aoa_elevation       , -20.88
	行  5477: [2024-11-29 12:12:43.547] APP     : INFO : TWR[0].aoa_elevation       , -20.41
	行  5492: [2024-11-29 12:12:43.796] APP     : INFO : TWR[0].aoa_elevation       , -20.14
	行  5507: [2024-11-29 12:12:44.047] APP     : INFO : TWR[0].aoa_elevation       , -20.35
	行  5522: [2024-11-29 12:12:44.297] APP     : INFO : TWR[0].aoa_elevation       , -21.118
	行  5537: [2024-11-29 12:12:44.547] APP     : INFO : TWR[0].aoa_elevation       , -20.33
	行  5552: [2024-11-29 12:12:44.797] APP     : INFO : TWR[0].aoa_elevation       , -20.20
	行  5567: [2024-11-29 12:12:45.046] APP     : INFO : TWR[0].aoa_elevation       , -20.28
	行  5582: [2024-11-29 12:12:45.298] APP     : INFO : TWR[0].aoa_elevation       , -20.5
	行  5597: [2024-11-29 12:12:45.547] APP     : INFO : TWR[0].aoa_elevation       , -20.58
	行  5612: [2024-11-29 12:12:45.797] APP     : INFO : TWR[0].aoa_elevation       , -20.52
	行  5627: [2024-11-29 12:12:46.046] APP     : INFO : TWR[0].aoa_elevation       , -20.23
	行  5642: [2024-11-29 12:12:46.297] APP     : INFO : TWR[0].aoa_elevation       , -21.99
	行  5657: [2024-11-29 12:12:46.546] APP     : INFO : TWR[0].aoa_elevation       , -20.28
	行  5672: [2024-11-29 12:12:46.797] APP     : INFO : TWR[0].aoa_elevation       , -21.72
	行  5687: [2024-11-29 12:12:47.047] APP     : INFO : TWR[0].aoa_elevation       , -20.14
	行  5702: [2024-11-29 12:12:47.297] APP     : INFO : TWR[0].aoa_elevation       , -20.31
	行  5717: [2024-11-29 12:12:47.546] APP     : INFO : TWR[0].aoa_elevation       , -20.41
	行  5732: [2024-11-29 12:12:47.797] APP     : INFO : TWR[0].aoa_elevation       , -21.98
	行  5747: [2024-11-29 12:12:48.047] APP     : INFO : TWR[0].aoa_elevation       , -21.86
	行  5762: [2024-11-29 12:12:48.296] APP     : INFO : TWR[0].aoa_elevation       , -21.69
	行  5777: [2024-11-29 12:12:48.545] APP     : INFO : TWR[0].aoa_elevation       , -21.123
	行  5792: [2024-11-29 12:12:48.795] APP     : INFO : TWR[0].aoa_elevation       , -20.81
	行  5807: [2024-11-29 12:12:49.045] APP     : INFO : TWR[0].aoa_elevation       , -21.76
	行  5822: [2024-11-29 12:12:49.297] APP     : INFO : TWR[0].aoa_elevation       , -21.110
	行  5837: [2024-11-29 12:12:49.547] APP     : INFO : TWR[0].aoa_elevation       , -20.22
	行  5852: [2024-11-29 12:12:49.796] APP     : INFO : TWR[0].aoa_elevation       , -21.90
	行  5867: [2024-11-29 12:12:50.047] APP     : INFO : TWR[0].aoa_elevation       , -21.103
	行  5882: [2024-11-29 12:12:50.296] APP     : INFO : TWR[0].aoa_elevation       , -21.21
	行  5897: [2024-11-29 12:12:50.546] APP     : INFO : TWR[0].aoa_elevation       , -20.30
	行  5912: [2024-11-29 12:12:50.797] APP     : INFO : TWR[0].aoa_elevation       , -20.86
	行  5927: [2024-11-29 12:12:51.047] APP     : INFO : TWR[0].aoa_elevation       , -20.55
	行  5942: [2024-11-29 12:12:51.295] APP     : INFO : TWR[0].aoa_elevation       , -21.20
	行  5957: [2024-11-29 12:12:51.547] APP     : INFO : TWR[0].aoa_elevation       , -20.25
	行  5972: [2024-11-29 12:12:51.796] APP     : INFO : TWR[0].aoa_elevation       , -21.41
	行  5987: [2024-11-29 12:12:52.046] APP     : INFO : TWR[0].aoa_elevation       , -21.127
	行  6002: [2024-11-29 12:12:52.295] APP     : INFO : TWR[0].aoa_elevation       , -20.14
	行  6017: [2024-11-29 12:12:52.547] APP     : INFO : TWR[0].aoa_elevation       , -20.19
	行  6032: [2024-11-29 12:12:52.795] APP     : INFO : TWR[0].aoa_elevation       , -20.3
	行  6047: [2024-11-29 12:12:53.046] APP     : INFO : TWR[0].aoa_elevation       , -20.22
	行  6062: [2024-11-29 12:12:53.296] APP     : INFO : TWR[0].aoa_elevation       , -20.13
	行  6077: [2024-11-29 12:12:53.546] APP     : INFO : TWR[0].aoa_elevation       , -20.30
	行  6092: [2024-11-29 12:12:53.795] APP     : INFO : TWR[0].aoa_elevation       , -21.104
	行  6107: [2024-11-29 12:12:54.046] APP     : INFO : TWR[0].aoa_elevation       , -21.19
	行  6122: [2024-11-29 12:12:54.297] APP     : INFO : TWR[0].aoa_elevation       , -20.36
	行  6137: [2024-11-29 12:12:54.546] APP     : INFO : TWR[0].aoa_elevation       , -19.62
	行  6152: [2024-11-29 12:12:54.797] APP     : INFO : TWR[0].aoa_elevation       , -20.8
	行  6167: [2024-11-29 12:12:55.046] APP     : INFO : TWR[0].aoa_elevation       , -21.123
	行  6182: [2024-11-29 12:12:55.297] APP     : INFO : TWR[0].aoa_elevation       , -21.85
	行  6197: [2024-11-29 12:12:55.546] APP     : INFO : TWR[0].aoa_elevation       , -21.117
	行  6212: [2024-11-29 12:12:55.797] APP     : INFO : TWR[0].aoa_elevation       , -20.66
	行  6227: [2024-11-29 12:12:56.045] APP     : INFO : TWR[0].aoa_elevation       , -18.105
	行  6242: [2024-11-29 12:12:56.297] APP     : INFO : TWR[0].aoa_elevation       , -19.29
	行  6257: [2024-11-29 12:12:56.545] APP     : INFO : TWR[0].aoa_elevation       , -17.7
	行  6272: [2024-11-29 12:12:56.797] APP     : INFO : TWR[0].aoa_elevation       , -16.6
	行  6287: [2024-11-29 12:12:57.045] APP     : INFO : TWR[0].aoa_elevation       , -18.113
	行  6302: [2024-11-29 12:12:57.296] APP     : INFO : TWR[0].aoa_elevation       , -18.67
	行  6317: [2024-11-29 12:12:57.545] APP     : INFO : TWR[0].aoa_elevation       , -20.25
	行  6332: [2024-11-29 12:12:57.796] APP     : INFO : TWR[0].aoa_elevation       , -20.47
	行  6347: [2024-11-29 12:12:58.045] APP     : INFO : TWR[0].aoa_elevation       , -18.117
	行  6362: [2024-11-29 12:12:58.296] APP     : INFO : TWR[0].aoa_elevation       , -23.126
	行  6377: [2024-11-29 12:12:58.546] APP     : INFO : TWR[0].aoa_elevation       , -22.119
	行  6392: [2024-11-29 12:12:58.797] APP     : INFO : TWR[0].aoa_elevation       , -20.3
	行  6407: [2024-11-29 12:12:59.046] APP     : INFO : TWR[0].aoa_elevation       , -22.46
	行  6422: [2024-11-29 12:12:59.296] APP     : INFO : TWR[0].aoa_elevation       , -20.53
	行  6437: [2024-11-29 12:12:59.546] APP     : INFO : TWR[0].aoa_elevation       , -20.67
	行  6452: [2024-11-29 12:12:59.796] APP     : INFO : TWR[0].aoa_elevation       , -20.68
	行  6467: [2024-11-29 12:13:00.047] APP     : INFO : TWR[0].aoa_elevation       , -19.60
	行  6482: [2024-11-29 12:13:00.296] APP     : INFO : TWR[0].aoa_elevation       , -19.77
	行  6497: [2024-11-29 12:13:00.547] APP     : INFO : TWR[0].aoa_elevation       , -20.43
	行  6512: [2024-11-29 12:13:00.796] APP     : INFO : TWR[0].aoa_elevation       , -21.62
	行  6527: [2024-11-29 12:13:01.047] APP     : INFO : TWR[0].aoa_elevation       , -20.29
	行  6542: [2024-11-29 12:13:01.296] APP     : INFO : TWR[0].aoa_elevation       , -20.9
	行  6557: [2024-11-29 12:13:01.546] APP     : INFO : TWR[0].aoa_elevation       , -20.90
	行  6572: [2024-11-29 12:13:01.795] APP     : INFO : TWR[0].aoa_elevation       , -19.5
	行  6587: [2024-11-29 12:13:02.047] APP     : INFO : TWR[0].aoa_elevation       , -21.21
	行  6602: [2024-11-29 12:13:02.296] APP     : INFO : TWR[0].aoa_elevation       , -22.121
	行  6617: [2024-11-29 12:13:02.546] APP     : INFO : TWR[0].aoa_elevation       , -23.95
	行  6632: [2024-11-29 12:13:02.796] APP     : INFO : TWR[0].aoa_elevation       , -21.70
	行  6647: [2024-11-29 12:13:03.046] APP     : INFO : TWR[0].aoa_elevation       , -18.110
	行  6662: [2024-11-29 12:13:03.295] APP     : INFO : TWR[0].aoa_elevation       , -19.8
	行  6677: [2024-11-29 12:13:03.545] APP     : INFO : TWR[0].aoa_elevation       , -17.51
	行  6698: [2024-11-29 12:13:04.044] APP     : INFO : TWR[0].aoa_elevation       , -21.19
	行  6713: [2024-11-29 12:13:04.295] APP     : INFO : TWR[0].aoa_elevation       , -21.110
	行  6728: [2024-11-29 12:13:04.547] APP     : INFO : TWR[0].aoa_elevation       , -20.59
	行  6749: [2024-11-29 12:13:05.044] APP     : INFO : TWR[0].aoa_elevation       , -21.116
	行  6764: [2024-11-29 12:13:05.297] APP     : INFO : TWR[0].aoa_elevation       , -22.112
	行  6779: [2024-11-29 12:13:05.545] APP     : INFO : TWR[0].aoa_elevation       , -23.115
	行  6794: [2024-11-29 12:13:05.797] APP     : INFO : TWR[0].aoa_elevation       , -21.69
	行  6809: [2024-11-29 12:13:06.046] APP     : INFO : TWR[0].aoa_elevation       , -21.28
	行  6830: [2024-11-29 12:13:06.545] APP     : INFO : TWR[0].aoa_elevation       , -20.81
	行  6845: [2024-11-29 12:13:06.796] APP     : INFO : TWR[0].aoa_elevation       , -20.96
	行  6860: [2024-11-29 12:13:07.046] APP     : INFO : TWR[0].aoa_elevation       , -20.33
	行  6875: [2024-11-29 12:13:07.296] APP     : INFO : TWR[0].aoa_elevation       , -20.110
	行  6890: [2024-11-29 12:13:07.545] APP     : INFO : TWR[0].aoa_elevation       , -21.95
	行  6905: [2024-11-29 12:13:07.795] APP     : INFO : TWR[0].aoa_elevation       , -19.63
	行  6920: [2024-11-29 12:13:08.046] APP     : INFO : TWR[0].aoa_elevation       , -20.14
	行  6935: [2024-11-29 12:13:08.297] APP     : INFO : TWR[0].aoa_elevation       , -21.95
	行  6950: [2024-11-29 12:13:08.546] APP     : INFO : TWR[0].aoa_elevation       , -20.15
	行  6965: [2024-11-29 12:13:08.796] APP     : INFO : TWR[0].aoa_elevation       , -19.18
	行  6980: [2024-11-29 12:13:09.045] APP     : INFO : TWR[0].aoa_elevation       , -20.21
	行  6995: [2024-11-29 12:13:09.295] APP     : INFO : TWR[0].aoa_elevation       , -18.44
	行  7010: [2024-11-29 12:13:09.545] APP     : INFO : TWR[0].aoa_elevation       , -21.15
	行  7025: [2024-11-29 12:13:09.796] APP     : INFO : TWR[0].aoa_elevation       , -20.102
	行  7040: [2024-11-29 12:13:10.045] APP     : INFO : TWR[0].aoa_elevation       , -21.73
	行  7055: [2024-11-29 12:13:10.295] APP     : INFO : TWR[0].aoa_elevation       , -22.77
	行  7070: [2024-11-29 12:13:10.545] APP     : INFO : TWR[0].aoa_elevation       , -22.21
	行  7085: [2024-11-29 12:13:10.796] APP     : INFO : TWR[0].aoa_elevation       , -24.34
	行  7100: [2024-11-29 12:13:11.045] APP     : INFO : TWR[0].aoa_elevation       , -20.23
	行  7115: [2024-11-29 12:13:11.296] APP     : INFO : TWR[0].aoa_elevation       , -21.34
	行  7130: [2024-11-29 12:13:11.546] APP     : INFO : TWR[0].aoa_elevation       , -20.58
	行  7145: [2024-11-29 12:13:11.797] APP     : INFO : TWR[0].aoa_elevation       , -20.95
	行  7171: [2024-11-29 12:13:12.295] APP     : INFO : TWR[0].aoa_elevation       , -20.85
	行  7186: [2024-11-29 12:13:12.546] APP     : INFO : TWR[0].aoa_elevation       , -19.67
	行  7207: [2024-11-29 12:13:13.047] APP     : INFO : TWR[0].aoa_elevation       , -20.72
	行  7222: [2024-11-29 12:13:13.296] APP     : INFO : TWR[0].aoa_elevation       , -21.33
	行  7237: [2024-11-29 12:13:13.546] APP     : INFO : TWR[0].aoa_elevation       , -22.44
	行  7252: [2024-11-29 12:13:13.796] APP     : INFO : TWR[0].aoa_elevation       , -19.64
	行  7267: [2024-11-29 12:13:14.046] APP     : INFO : TWR[0].aoa_elevation       , -18.7
	行  7282: [2024-11-29 12:13:14.295] APP     : INFO : TWR[0].aoa_elevation       , -18.39
	行  7297: [2024-11-29 12:13:14.545] APP     : INFO : TWR[0].aoa_elevation       , -18.39
	行  7312: [2024-11-29 12:13:14.796] APP     : INFO : TWR[0].aoa_elevation       , -18.42
	行  7327: [2024-11-29 12:13:15.046] APP     : INFO : TWR[0].aoa_elevation       , -19.118
	行  7342: [2024-11-29 12:14:22.293] APP     : INFO : TWR[0].aoa_elevation       , 18.103
	行  7357: [2024-11-29 12:14:22.544] APP     : INFO : TWR[0].aoa_elevation       , 19.92
	行  7372: [2024-11-29 12:14:22.793] APP     : INFO : TWR[0].aoa_elevation       , 19.99
	行  7387: [2024-11-29 12:14:23.044] APP     : INFO : TWR[0].aoa_elevation       , 19.84
	行  7402: [2024-11-29 12:14:23.293] APP     : INFO : TWR[0].aoa_elevation       , 18.126
	行  7417: [2024-11-29 12:14:23.544] APP     : INFO : TWR[0].aoa_elevation       , 20.24
	行  7432: [2024-11-29 12:14:23.793] APP     : INFO : TWR[0].aoa_elevation       , 19.95
	行  7447: [2024-11-29 12:14:24.044] APP     : INFO : TWR[0].aoa_elevation       , 19.125
	行  7462: [2024-11-29 12:14:24.293] APP     : INFO : TWR[0].aoa_elevation       , 19.62
	行  7477: [2024-11-29 12:14:24.543] APP     : INFO : TWR[0].aoa_elevation       , 19.34
	行  7492: [2024-11-29 12:14:24.793] APP     : INFO : TWR[0].aoa_elevation       , 19.37
	行  7507: [2024-11-29 12:14:25.044] APP     : INFO : TWR[0].aoa_elevation       , 18.115
	行  7522: [2024-11-29 12:14:25.292] APP     : INFO : TWR[0].aoa_elevation       , 19.40
	行  7537: [2024-11-29 12:14:25.544] APP     : INFO : TWR[0].aoa_elevation       , 19.55
	行  7552: [2024-11-29 12:14:25.794] APP     : INFO : TWR[0].aoa_elevation       , 19.0
	行  7567: [2024-11-29 12:14:26.044] APP     : INFO : TWR[0].aoa_elevation       , 18.87
	行  7582: [2024-11-29 12:14:26.294] APP     : INFO : TWR[0].aoa_elevation       , 19.78
	行  7597: [2024-11-29 12:14:26.544] APP     : INFO : TWR[0].aoa_elevation       , 19.30
	行  7612: [2024-11-29 12:14:26.794] APP     : INFO : TWR[0].aoa_elevation       , 18.119
	行  7627: [2024-11-29 12:14:27.043] APP     : INFO : TWR[0].aoa_elevation       , 19.78
	行  7642: [2024-11-29 12:14:27.294] APP     : INFO : TWR[0].aoa_elevation       , 19.83
	行  7657: [2024-11-29 12:14:27.543] APP     : INFO : TWR[0].aoa_elevation       , 18.94
	行  7672: [2024-11-29 12:14:27.794] APP     : INFO : TWR[0].aoa_elevation       , 19.86
	行  7687: [2024-11-29 12:14:28.043] APP     : INFO : TWR[0].aoa_elevation       , 18.116
	行  7702: [2024-11-29 12:14:28.294] APP     : INFO : TWR[0].aoa_elevation       , 19.114
	行  7717: [2024-11-29 12:14:28.543] APP     : INFO : TWR[0].aoa_elevation       , 19.36
	行  7732: [2024-11-29 12:14:28.794] APP     : INFO : TWR[0].aoa_elevation       , 19.126
	行  7747: [2024-11-29 12:14:29.043] APP     : INFO : TWR[0].aoa_elevation       , 18.77
	行  7762: [2024-11-29 12:14:29.294] APP     : INFO : TWR[0].aoa_elevation       , 18.93
	行  7777: [2024-11-29 12:14:29.543] APP     : INFO : TWR[0].aoa_elevation       , 19.1
	行  7792: [2024-11-29 12:14:29.794] APP     : INFO : TWR[0].aoa_elevation       , 19.48
	行  7807: [2024-11-29 12:14:30.043] APP     : INFO : TWR[0].aoa_elevation       , 18.106
	行  7822: [2024-11-29 12:14:30.294] APP     : INFO : TWR[0].aoa_elevation       , 18.59
	行  7837: [2024-11-29 12:14:30.543] APP     : INFO : TWR[0].aoa_elevation       , 20.14
	行  7852: [2024-11-29 12:14:30.794] APP     : INFO : TWR[0].aoa_elevation       , 19.68
	行  7867: [2024-11-29 12:14:31.044] APP     : INFO : TWR[0].aoa_elevation       , 18.28
	行  7882: [2024-11-29 12:14:31.293] APP     : INFO : TWR[0].aoa_elevation       , 19.125
	行  7897: [2024-11-29 12:14:31.544] APP     : INFO : TWR[0].aoa_elevation       , 20.81
	行  7912: [2024-11-29 12:14:31.793] APP     : INFO : TWR[0].aoa_elevation       , 20.79
	行  7927: [2024-11-29 12:14:32.044] APP     : INFO : TWR[0].aoa_elevation       , 21.18
	行  7942: [2024-11-29 12:14:32.293] APP     : INFO : TWR[0].aoa_elevation       , 19.81
	行  7957: [2024-11-29 12:14:32.543] APP     : INFO : TWR[0].aoa_elevation       , 19.73
	行  7972: [2024-11-29 12:14:32.793] APP     : INFO : TWR[0].aoa_elevation       , 20.68
	行  7987: [2024-11-29 12:14:33.043] APP     : INFO : TWR[0].aoa_elevation       , 20.0
	行  8002: [2024-11-29 12:14:33.293] APP     : INFO : TWR[0].aoa_elevation       , 19.86
	行  8017: [2024-11-29 12:14:33.544] APP     : INFO : TWR[0].aoa_elevation       , 20.26
	行  8032: [2024-11-29 12:14:33.793] APP     : INFO : TWR[0].aoa_elevation       , 21.12
	行  8047: [2024-11-29 12:14:34.043] APP     : INFO : TWR[0].aoa_elevation       , 20.23
	行  8062: [2024-11-29 12:14:34.293] APP     : INFO : TWR[0].aoa_elevation       , 20.6
	行  8077: [2024-11-29 12:14:34.544] APP     : INFO : TWR[0].aoa_elevation       , 19.40
	行  8092: [2024-11-29 12:14:34.793] APP     : INFO : TWR[0].aoa_elevation       , 18.34
	行  8107: [2024-11-29 12:14:35.044] APP     : INFO : TWR[0].aoa_elevation       , 18.6
	行  8122: [2024-11-29 12:14:35.293] APP     : INFO : TWR[0].aoa_elevation       , 17.105
	行  8137: [2024-11-29 12:14:35.544] APP     : INFO : TWR[0].aoa_elevation       , 22.94
	行  8152: [2024-11-29 12:14:35.793] APP     : INFO : TWR[0].aoa_elevation       , 33.59
	行  8167: [2024-11-29 12:14:36.044] APP     : INFO : TWR[0].aoa_elevation       , 31.0
	行  8182: [2024-11-29 12:14:36.293] APP     : INFO : TWR[0].aoa_elevation       , 43.77
	行  8197: [2024-11-29 12:14:36.544] APP     : INFO : TWR[0].aoa_elevation       , 33.111
	行  8212: [2024-11-29 12:14:36.793] APP     : INFO : TWR[0].aoa_elevation       , 0.58
	行  8227: [2024-11-29 12:14:37.043] APP     : INFO : TWR[0].aoa_elevation       , -34.127
	行  8242: [2024-11-29 12:14:37.294] APP     : INFO : TWR[0].aoa_elevation       , 60.0
	行  8257: [2024-11-29 12:14:37.543] APP     : INFO : TWR[0].aoa_elevation       , 56.70
	行  8272: [2024-11-29 12:14:37.794] APP     : INFO : TWR[0].aoa_elevation       , 37.80
	行  8298: [2024-11-29 12:14:38.297] APP     : INFO : TWR[0].aoa_elevation       , 35.112
	行  8313: [2024-11-29 12:14:38.546] APP     : INFO : TWR[0].aoa_elevation       , 36.53
	行  8328: [2024-11-29 12:14:38.797] APP     : INFO : TWR[0].aoa_elevation       , 36.5
	行  8343: [2024-11-29 12:14:39.043] APP     : INFO : TWR[0].aoa_elevation       , 41.34
	行  8358: [2024-11-29 12:14:39.294] APP     : INFO : TWR[0].aoa_elevation       , 42.122
	行  8373: [2024-11-29 12:14:39.543] APP     : INFO : TWR[0].aoa_elevation       , 38.41
	行  8388: [2024-11-29 12:14:39.794] APP     : INFO : TWR[0].aoa_elevation       , 33.3
	行  8403: [2024-11-29 12:14:40.042] APP     : INFO : TWR[0].aoa_elevation       , 32.67
	行  8418: [2024-11-29 12:14:40.295] APP     : INFO : TWR[0].aoa_elevation       , 33.105
	行  8433: [2024-11-29 12:14:40.543] APP     : INFO : TWR[0].aoa_elevation       , 33.101
	行  8448: [2024-11-29 12:14:40.793] APP     : INFO : TWR[0].aoa_elevation       , 39.97
	行  8463: [2024-11-29 12:14:41.042] APP     : INFO : TWR[0].aoa_elevation       , 34.59
	行  8478: [2024-11-29 12:14:41.293] APP     : INFO : TWR[0].aoa_elevation       , 38.41
	行  8493: [2024-11-29 12:14:41.542] APP     : INFO : TWR[0].aoa_elevation       , 42.119
	行  8508: [2024-11-29 12:14:41.793] APP     : INFO : TWR[0].aoa_elevation       , 39.66
	行  8523: [2024-11-29 12:14:42.043] APP     : INFO : TWR[0].aoa_elevation       , 36.79
	行  8538: [2024-11-29 12:14:42.293] APP     : INFO : TWR[0].aoa_elevation       , 46.28
	行  8553: [2024-11-29 12:14:42.542] APP     : INFO : TWR[0].aoa_elevation       , 45.110
	行  8568: [2024-11-29 12:14:42.794] APP     : INFO : TWR[0].aoa_elevation       , 51.120
	行  8583: [2024-11-29 12:14:43.044] APP     : INFO : TWR[0].aoa_elevation       , 43.24
	行  8598: [2024-11-29 12:14:43.293] APP     : INFO : TWR[0].aoa_elevation       , 42.15
	行  8613: [2024-11-29 12:14:43.544] APP     : INFO : TWR[0].aoa_elevation       , 46.60
	行  8628: [2024-11-29 12:14:43.793] APP     : INFO : TWR[0].aoa_elevation       , 48.93
	行  8643: [2024-11-29 12:14:44.044] APP     : INFO : TWR[0].aoa_elevation       , 52.40
	行  8658: [2024-11-29 12:14:44.292] APP     : INFO : TWR[0].aoa_elevation       , 50.108
	行  8673: [2024-11-29 12:14:44.543] APP     : INFO : TWR[0].aoa_elevation       , 51.127
	行  8688: [2024-11-29 12:14:44.794] APP     : INFO : TWR[0].aoa_elevation       , 60.0
	行  8703: [2024-11-29 12:14:45.043] APP     : INFO : TWR[0].aoa_elevation       , 56.41
	行  8718: [2024-11-29 12:14:45.293] APP     : INFO : TWR[0].aoa_elevation       , 54.120
	行  8733: [2024-11-29 12:14:45.544] APP     : INFO : TWR[0].aoa_elevation       , 60.0
	行  8748: [2024-11-29 12:14:45.793] APP     : INFO : TWR[0].aoa_elevation       , 53.38
	行  8763: [2024-11-29 12:14:46.043] APP     : INFO : TWR[0].aoa_elevation       , 60.0
	行  8778: [2024-11-29 12:14:46.293] APP     : INFO : TWR[0].aoa_elevation       , 54.78
	行  8793: [2024-11-29 12:14:46.543] APP     : INFO : TWR[0].aoa_elevation       , 60.0
	行  8808: [2024-11-29 12:14:46.793] APP     : INFO : TWR[0].aoa_elevation       , 60.0
	行  8834: [2024-11-29 12:14:47.296] APP     : INFO : TWR[0].aoa_elevation       , 53.81
	行  8849: [2024-11-29 12:14:47.546] APP     : INFO : TWR[0].aoa_elevation       , 53.14
	行  8875: [2024-11-29 12:14:48.046] APP     : INFO : TWR[0].aoa_elevation       , 60.0
	行  8890: [2024-11-29 12:14:48.296] APP     : INFO : TWR[0].aoa_elevation       , 57.5
	行  8905: [2024-11-29 12:14:48.546] APP     : INFO : TWR[0].aoa_elevation       , 48.49
	行  8920: [2024-11-29 12:14:48.794] APP     : INFO : TWR[0].aoa_elevation       , 52.35
	行  8935: [2024-11-29 12:14:49.043] APP     : INFO : TWR[0].aoa_elevation       , 60.0
	行  8950: [2024-11-29 12:14:49.293] APP     : INFO : TWR[0].aoa_elevation       , 50.96
	行  8965: [2024-11-29 12:14:49.543] APP     : INFO : TWR[0].aoa_elevation       , 60.0
	行  8980: [2024-11-29 12:14:49.793] APP     : INFO : TWR[0].aoa_elevation       , 60.0
	行  8995: [2024-11-29 12:14:50.043] APP     : INFO : TWR[0].aoa_elevation       , 44.88
	行  9010: [2024-11-29 12:14:50.293] APP     : INFO : TWR[0].aoa_elevation       , 30.70
	行  9025: [2024-11-29 12:14:50.543] APP     : INFO : TWR[0].aoa_elevation       , 19.122
	行  9040: [2024-11-29 12:14:50.793] APP     : INFO : TWR[0].aoa_elevation       , 34.127
	行  9055: [2024-11-29 12:14:51.043] APP     : INFO : TWR[0].aoa_elevation       , 60.0
	行  9070: [2024-11-29 12:14:51.292] APP     : INFO : TWR[0].aoa_elevation       , 57.91
	行  9085: [2024-11-29 12:14:51.542] APP     : INFO : TWR[0].aoa_elevation       , 60.0
	行  9100: [2024-11-29 12:14:51.792] APP     : INFO : TWR[0].aoa_elevation       , 34.105
	行  9115: [2024-11-29 12:14:52.042] APP     : INFO : TWR[0].aoa_elevation       , 42.41
	行  9130: [2024-11-29 12:14:52.293] APP     : INFO : TWR[0].aoa_elevation       , 46.30
	行  9145: [2024-11-29 12:14:52.542] APP     : INFO : TWR[0].aoa_elevation       , 47.45
	行  9160: [2024-11-29 12:14:52.793] APP     : INFO : TWR[0].aoa_elevation       , 23.44
	行  9175: [2024-11-29 12:14:53.044] APP     : INFO : TWR[0].aoa_elevation       , 25.76
	行  9190: [2024-11-29 12:14:53.292] APP     : INFO : TWR[0].aoa_elevation       , 16.91
	行  9205: [2024-11-29 12:14:53.543] APP     : INFO : TWR[0].aoa_elevation       , 26.84
	行  9220: [2024-11-29 12:14:53.793] APP     : INFO : TWR[0].aoa_elevation       , 33.127
	行  9235: [2024-11-29 12:14:54.043] APP     : INFO : TWR[0].aoa_elevation       , 42.86
	行  9250: [2024-11-29 12:14:54.293] APP     : INFO : TWR[0].aoa_elevation       , 34.69
	行  9265: [2024-11-29 12:14:54.543] APP     : INFO : TWR[0].aoa_elevation       , 22.3
	行  9280: [2024-11-29 12:14:54.793] APP     : INFO : TWR[0].aoa_elevation       , 49.16
	行  9295: [2024-11-29 12:14:55.043] APP     : INFO : TWR[0].aoa_elevation       , 60.0
	行  9310: [2024-11-29 12:14:55.292] APP     : INFO : TWR[0].aoa_elevation       , 59.96
	行  9325: [2024-11-29 12:14:55.543] APP     : INFO : TWR[0].aoa_elevation       , 35.104
	行  9340: [2024-11-29 12:14:55.792] APP     : INFO : TWR[0].aoa_elevation       , 53.124
	行  9355: [2024-11-29 12:14:56.043] APP     : INFO : TWR[0].aoa_elevation       , 39.15
	行  9370: [2024-11-29 12:14:56.292] APP     : INFO : TWR[0].aoa_elevation       , 55.110
	行  9385: [2024-11-29 12:14:56.543] APP     : INFO : TWR[0].aoa_elevation       , 49.68
	行  9400: [2024-11-29 12:14:56.793] APP     : INFO : TWR[0].aoa_elevation       , 43.122
	行  9415: [2024-11-29 12:14:57.043] APP     : INFO : TWR[0].aoa_elevation       , 51.11
	行  9430: [2024-11-29 12:14:57.292] APP     : INFO : TWR[0].aoa_elevation       , 30.89
	行  9445: [2024-11-29 12:14:57.543] APP     : INFO : TWR[0].aoa_elevation       , 32.69
	行  9460: [2024-11-29 12:14:57.792] APP     : INFO : TWR[0].aoa_elevation       , 39.74
	行  9475: [2024-11-29 12:14:58.043] APP     : INFO : TWR[0].aoa_elevation       , 32.4
	行  9490: [2024-11-29 12:14:58.292] APP     : INFO : TWR[0].aoa_elevation       , 34.109
	行  9505: [2024-11-29 12:14:58.543] APP     : INFO : TWR[0].aoa_elevation       , 48.65
	行  9520: [2024-11-29 12:14:58.793] APP     : INFO : TWR[0].aoa_elevation       , 28.41
	行  9535: [2024-11-29 12:14:59.042] APP     : INFO : TWR[0].aoa_elevation       , 33.106
	行  9550: [2024-11-29 12:14:59.293] APP     : INFO : TWR[0].aoa_elevation       , 41.97
	行  9565: [2024-11-29 12:14:59.542] APP     : INFO : TWR[0].aoa_elevation       , 32.47
	行  9580: [2024-11-29 12:14:59.793] APP     : INFO : TWR[0].aoa_elevation       , 27.117
	行  9595: [2024-11-29 12:15:00.043] APP     : INFO : TWR[0].aoa_elevation       , 45.45
	行  9610: [2024-11-29 12:15:00.293] APP     : INFO : TWR[0].aoa_elevation       , 40.117
	行  9625: [2024-11-29 12:15:00.542] APP     : INFO : TWR[0].aoa_elevation       , 40.59
	行  9640: [2024-11-29 12:15:00.793] APP     : INFO : TWR[0].aoa_elevation       , 46.104
	行  9655: [2024-11-29 12:15:01.042] APP     : INFO : TWR[0].aoa_elevation       , 38.62
	行  9670: [2024-11-29 12:15:01.292] APP     : INFO : TWR[0].aoa_elevation       , 49.71
	行  9685: [2024-11-29 12:15:01.542] APP     : INFO : TWR[0].aoa_elevation       , 45.14
	行  9700: [2024-11-29 12:15:01.793] APP     : INFO : TWR[0].aoa_elevation       , 41.84
	行  9715: [2024-11-29 12:15:02.042] APP     : INFO : TWR[0].aoa_elevation       , 30.70
	行  9730: [2024-11-29 12:15:02.294] APP     : INFO : TWR[0].aoa_elevation       , 16.99
	行  9745: [2024-11-29 12:15:02.542] APP     : INFO : TWR[0].aoa_elevation       , 56.97
	行  9760: [2024-11-29 12:15:02.793] APP     : INFO : TWR[0].aoa_elevation       , 31.45
	行  9775: [2024-11-29 12:15:03.043] APP     : INFO : TWR[0].aoa_elevation       , 32.24
	行  9790: [2024-11-29 12:15:03.292] APP     : INFO : TWR[0].aoa_elevation       , 27.8
	行  9805: [2024-11-29 12:15:03.543] APP     : INFO : TWR[0].aoa_elevation       , 35.45
	行  9820: [2024-11-29 12:15:03.792] APP     : INFO : TWR[0].aoa_elevation       , 22.109
	行  9835: [2024-11-29 12:15:04.043] APP     : INFO : TWR[0].aoa_elevation       , 20.34
	行  9850: [2024-11-29 12:15:04.292] APP     : INFO : TWR[0].aoa_elevation       , 21.32
	行  9865: [2024-11-29 12:15:04.543] APP     : INFO : TWR[0].aoa_elevation       , 25.99
	行  9880: [2024-11-29 12:15:04.792] APP     : INFO : TWR[0].aoa_elevation       , 24.31
	行  9895: [2024-11-29 12:15:05.043] APP     : INFO : TWR[0].aoa_elevation       , 23.98
	行  9910: [2024-11-29 12:15:05.292] APP     : INFO : TWR[0].aoa_elevation       , 22.97
	行  9925: [2024-11-29 12:15:05.543] APP     : INFO : TWR[0].aoa_elevation       , 23.94
	行  9940: [2024-11-29 12:15:05.793] APP     : INFO : TWR[0].aoa_elevation       , 24.122
	行  9955: [2024-11-29 12:15:06.043] APP     : INFO : TWR[0].aoa_elevation       , 26.18
	行  9970: [2024-11-29 12:15:06.292] APP     : INFO : TWR[0].aoa_elevation       , 26.101
	行  9985: [2024-11-29 12:15:06.543] APP     : INFO : TWR[0].aoa_elevation       , 26.122
	行 10000: [2024-11-29 12:15:06.792] APP     : INFO : TWR[0].aoa_elevation       , 28.16
	行 10015: [2024-11-29 12:15:07.042] APP     : INFO : TWR[0].aoa_elevation       , 28.107
	行 10030: [2024-11-29 12:15:07.292] APP     : INFO : TWR[0].aoa_elevation       , 28.107
	行 10045: [2024-11-29 12:15:07.543] APP     : INFO : TWR[0].aoa_elevation       , 29.127
	行 10060: [2024-11-29 12:15:07.792] APP     : INFO : TWR[0].aoa_elevation       , 29.83
	行 10075: [2024-11-29 12:15:08.043] APP     : INFO : TWR[0].aoa_elevation       , 28.93
	行 10090: [2024-11-29 12:15:08.292] APP     : INFO : TWR[0].aoa_elevation       , 27.66
	行 10105: [2024-11-29 12:15:08.543] APP     : INFO : TWR[0].aoa_elevation       , 27.48
	行 10120: [2024-11-29 12:15:08.793] APP     : INFO : TWR[0].aoa_elevation       , 27.25
	行 10135: [2024-11-29 12:15:09.042] APP     : INFO : TWR[0].aoa_elevation       , 28.0
	行 10150: [2024-11-29 12:15:09.293] APP     : INFO : TWR[0].aoa_elevation       , 29.28
	行 10165: [2024-11-29 12:15:09.542] APP     : INFO : TWR[0].aoa_elevation       , 29.49
	行 10180: [2024-11-29 12:15:09.793] APP     : INFO : TWR[0].aoa_elevation       , 29.10
	行 10195: [2024-11-29 12:15:10.042] APP     : INFO : TWR[0].aoa_elevation       , 28.83
	行 10210: [2024-11-29 12:15:10.293] APP     : INFO : TWR[0].aoa_elevation       , 29.38
	行 10225: [2024-11-29 12:15:10.542] APP     : INFO : TWR[0].aoa_elevation       , 28.38
	行 10240: [2024-11-29 12:15:10.792] APP     : INFO : TWR[0].aoa_elevation       , 28.0
	行 10255: [2024-11-29 12:15:11.042] APP     : INFO : TWR[0].aoa_elevation       , 26.114
	行 10270: [2024-11-29 12:15:11.292] APP     : INFO : TWR[0].aoa_elevation       , 26.88
	行 10285: [2024-11-29 12:15:11.542] APP     : INFO : TWR[0].aoa_elevation       , 27.127
	行 10300: [2024-11-29 12:15:11.793] APP     : INFO : TWR[0].aoa_elevation       , 28.50
	行 10315: [2024-11-29 12:15:12.042] APP     : INFO : TWR[0].aoa_elevation       , 29.9
	行 10330: [2024-11-29 12:15:12.293] APP     : INFO : TWR[0].aoa_elevation       , 29.40
	行 10345: [2024-11-29 12:15:12.541] APP     : INFO : TWR[0].aoa_elevation       , 29.75
	行 10360: [2024-11-29 12:15:12.793] APP     : INFO : TWR[0].aoa_elevation       , 27.114
	行 10375: [2024-11-29 12:15:13.042] APP     : INFO : TWR[0].aoa_elevation       , 27.99
	行 10390: [2024-11-29 12:15:13.292] APP     : INFO : TWR[0].aoa_elevation       , 28.55
	行 10405: [2024-11-29 12:15:13.541] APP     : INFO : TWR[0].aoa_elevation       , 28.24
	行 10420: [2024-11-29 12:15:13.793] APP     : INFO : TWR[0].aoa_elevation       , 28.16
	行 10435: [2024-11-29 12:15:14.043] APP     : INFO : TWR[0].aoa_elevation       , 26.30
	行 10450: [2024-11-29 12:15:14.292] APP     : INFO : TWR[0].aoa_elevation       , 27.94
	行 10465: [2024-11-29 12:15:14.543] APP     : INFO : TWR[0].aoa_elevation       , 28.78
	行 10480: [2024-11-29 12:15:14.793] APP     : INFO : TWR[0].aoa_elevation       , 26.125
	行 10495: [2024-11-29 12:15:15.042] APP     : INFO : TWR[0].aoa_elevation       , 28.89
	行 10510: [2024-11-29 12:15:15.292] APP     : INFO : TWR[0].aoa_elevation       , 27.13
	行 10525: [2024-11-29 12:15:15.542] APP     : INFO : TWR[0].aoa_elevation       , 28.20
	行 10540: [2024-11-29 12:15:15.792] APP     : INFO : TWR[0].aoa_elevation       , 27.89
	行 10555: [2024-11-29 12:15:16.043] APP     : INFO : TWR[0].aoa_elevation       , 27.81
	行 10570: [2024-11-29 12:15:16.292] APP     : INFO : TWR[0].aoa_elevation       , 26.105
	行 10585: [2024-11-29 12:15:16.542] APP     : INFO : TWR[0].aoa_elevation       , 26.106
	行 10600: [2024-11-29 12:15:16.792] APP     : INFO : TWR[0].aoa_elevation       , 28.103
	行 10615: [2024-11-29 12:15:17.042] APP     : INFO : TWR[0].aoa_elevation       , 27.89
	行 10630: [2024-11-29 12:15:17.292] APP     : INFO : TWR[0].aoa_elevation       , 27.64
	行 10645: [2024-11-29 12:15:17.542] APP     : INFO : TWR[0].aoa_elevation       , 27.62
	行 10660: [2024-11-29 12:15:17.792] APP     : INFO : TWR[0].aoa_elevation       , 27.55
	行 10675: [2024-11-29 12:15:18.042] APP     : INFO : TWR[0].aoa_elevation       , 27.86
	行 10690: [2024-11-29 12:15:18.292] APP     : INFO : TWR[0].aoa_elevation       , 27.114
	行 10705: [2024-11-29 12:15:18.543] APP     : INFO : TWR[0].aoa_elevation       , 28.95
	行 10720: [2024-11-29 12:15:18.791] APP     : INFO : TWR[0].aoa_elevation       , 28.29
	行 10735: [2024-11-29 12:15:19.042] APP     : INFO : TWR[0].aoa_elevation       , 27.117
	行 10750: [2024-11-29 12:15:19.291] APP     : INFO : TWR[0].aoa_elevation       , 27.32
	行 10765: [2024-11-29 12:15:19.542] APP     : INFO : TWR[0].aoa_elevation       , 28.98
	行 10780: [2024-11-29 12:15:19.792] APP     : INFO : TWR[0].aoa_elevation       , 27.126
	行 10795: [2024-11-29 12:15:20.042] APP     : INFO : TWR[0].aoa_elevation       , 28.38
	行 10810: [2024-11-29 12:15:20.292] APP     : INFO : TWR[0].aoa_elevation       , 27.87
	行 10825: [2024-11-29 12:15:20.541] APP     : INFO : TWR[0].aoa_elevation       , 28.16
	行 10840: [2024-11-29 12:15:20.792] APP     : INFO : TWR[0].aoa_elevation       , 27.114
	行 10855: [2024-11-29 12:15:21.042] APP     : INFO : TWR[0].aoa_elevation       , 27.89
	行 10870: [2024-11-29 12:15:21.293] APP     : INFO : TWR[0].aoa_elevation       , 28.58
	行 10885: [2024-11-29 12:15:21.542] APP     : INFO : TWR[0].aoa_elevation       , 27.50
	行 10900: [2024-11-29 12:15:21.793] APP     : INFO : TWR[0].aoa_elevation       , 27.113
	行 10915: [2024-11-29 12:15:22.042] APP     : INFO : TWR[0].aoa_elevation       , 27.91
	行 10930: [2024-11-29 12:15:22.293] APP     : INFO : TWR[0].aoa_elevation       , 27.119
	行 10945: [2024-11-29 12:15:22.543] APP     : INFO : TWR[0].aoa_elevation       , 27.86
	行 10960: [2024-11-29 12:15:22.793] APP     : INFO : TWR[0].aoa_elevation       , 28.49
	行 10975: [2024-11-29 12:15:23.041] APP     : INFO : TWR[0].aoa_elevation       , 27.113
	行 10990: [2024-11-29 12:15:23.292] APP     : INFO : TWR[0].aoa_elevation       , 27.31
	行 11005: [2024-11-29 12:15:23.542] APP     : INFO : TWR[0].aoa_elevation       , 27.23
	行 11020: [2024-11-29 12:15:23.794] APP     : INFO : TWR[0].aoa_elevation       , 27.38
	行 11035: [2024-11-29 12:15:24.043] APP     : INFO : TWR[0].aoa_elevation       , 26.109
	行 11050: [2024-11-29 12:15:24.292] APP     : INFO : TWR[0].aoa_elevation       , 27.92
	行 11065: [2024-11-29 12:15:24.542] APP     : INFO : TWR[0].aoa_elevation       , 28.36
	行 11080: [2024-11-29 12:15:24.792] APP     : INFO : TWR[0].aoa_elevation       , 28.25
	行 11095: [2024-11-29 12:15:25.042] APP     : INFO : TWR[0].aoa_elevation       , 27.49
	行 11110: [2024-11-29 12:15:25.292] APP     : INFO : TWR[0].aoa_elevation       , 27.39
	行 11125: [2024-11-29 12:15:25.542] APP     : INFO : TWR[0].aoa_elevation       , 27.70
	行 11140: [2024-11-29 12:15:25.792] APP     : INFO : TWR[0].aoa_elevation       , 27.24
	行 11155: [2024-11-29 12:15:26.042] APP     : INFO : TWR[0].aoa_elevation       , 27.42
	行 11170: [2024-11-29 12:15:26.292] APP     : INFO : TWR[0].aoa_elevation       , 26.108
	行 11185: [2024-11-29 12:15:26.542] APP     : INFO : TWR[0].aoa_elevation       , 27.56
	行 11200: [2024-11-29 12:15:26.792] APP     : INFO : TWR[0].aoa_elevation       , 27.29
	行 11215: [2024-11-29 12:15:27.042] APP     : INFO : TWR[0].aoa_elevation       , 26.63
	行 11230: [2024-11-29 12:15:27.292] APP     : INFO : TWR[0].aoa_elevation       , 26.63
	行 11245: [2024-11-29 12:15:27.542] APP     : INFO : TWR[0].aoa_elevation       , 26.4
	行 11260: [2024-11-29 12:15:27.792] APP     : INFO : TWR[0].aoa_elevation       , 25.83
	行 11275: [2024-11-29 12:15:28.042] APP     : INFO : TWR[0].aoa_elevation       , 27.14
	行 11290: [2024-11-29 12:15:28.291] APP     : INFO : TWR[0].aoa_elevation       , 27.99
	行 11305: [2024-11-29 12:15:28.542] APP     : INFO : TWR[0].aoa_elevation       , 28.123
	行 11320: [2024-11-29 12:15:28.792] APP     : INFO : TWR[0].aoa_elevation       , 30.2
	行 11335: [2024-11-29 12:15:29.041] APP     : INFO : TWR[0].aoa_elevation       , 30.28
	行 11350: [2024-11-29 12:15:29.291] APP     : INFO : TWR[0].aoa_elevation       , 28.69
	行 11365: [2024-11-29 12:15:29.542] APP     : INFO : TWR[0].aoa_elevation       , 25.87
	行 11380: [2024-11-29 12:15:29.791] APP     : INFO : TWR[0].aoa_elevation       , 25.101
	行 11395: [2024-11-29 12:15:30.042] APP     : INFO : TWR[0].aoa_elevation       , 25.127
	行 11410: [2024-11-29 12:15:30.291] APP     : INFO : TWR[0].aoa_elevation       , 27.82
	行 11425: [2024-11-29 12:15:30.542] APP     : INFO : TWR[0].aoa_elevation       , 28.77
	行 11440: [2024-11-29 12:15:30.791] APP     : INFO : TWR[0].aoa_elevation       , 29.5
	行 11455: [2024-11-29 12:15:31.042] APP     : INFO : TWR[0].aoa_elevation       , 28.92
	行 11470: [2024-11-29 12:15:31.292] APP     : INFO : TWR[0].aoa_elevation       , 28.95
	行 11485: [2024-11-29 12:15:31.542] APP     : INFO : TWR[0].aoa_elevation       , 28.24
	行 11500: [2024-11-29 12:15:31.792] APP     : INFO : TWR[0].aoa_elevation       , 27.75
	行 11515: [2024-11-29 12:15:32.041] APP     : INFO : TWR[0].aoa_elevation       , 27.21
	行 11530: [2024-11-29 12:15:32.292] APP     : INFO : TWR[0].aoa_elevation       , 26.69
	行 11545: [2024-11-29 12:15:32.541] APP     : INFO : TWR[0].aoa_elevation       , 27.59
	行 11560: [2024-11-29 12:15:32.793] APP     : INFO : TWR[0].aoa_elevation       , 30.2
	行 11575: [2024-11-29 12:15:33.042] APP     : INFO : TWR[0].aoa_elevation       , 30.54
	行 11590: [2024-11-29 12:15:33.292] APP     : INFO : TWR[0].aoa_elevation       , 31.30
	行 11605: [2024-11-29 12:15:33.541] APP     : INFO : TWR[0].aoa_elevation       , 34.58
	行 11620: [2024-11-29 12:15:33.792] APP     : INFO : TWR[0].aoa_elevation       , 49.99
	行 11635: [2024-11-29 12:15:34.041] APP     : INFO : TWR[0].aoa_elevation       , 60.0
	行 11650: [2024-11-29 12:15:34.292] APP     : INFO : TWR[0].aoa_elevation       , 60.0
	行 11665: [2024-11-29 12:15:34.541] APP     : INFO : TWR[0].aoa_elevation       , 38.104
	行 11680: [2024-11-29 12:15:34.792] APP     : INFO : TWR[0].aoa_elevation       , 37.49
	行 11695: [2024-11-29 12:15:35.041] APP     : INFO : TWR[0].aoa_elevation       , 30.37
	行 11710: [2024-11-29 12:15:35.292] APP     : INFO : TWR[0].aoa_elevation       , 33.125
	行 11725: [2024-11-29 12:15:35.541] APP     : INFO : TWR[0].aoa_elevation       , 31.77
	行 11740: [2024-11-29 12:15:35.792] APP     : INFO : TWR[0].aoa_elevation       , 35.112
	行 11755: [2024-11-29 12:15:36.041] APP     : INFO : TWR[0].aoa_elevation       , 31.61
	行 11770: [2024-11-29 12:15:36.291] APP     : INFO : TWR[0].aoa_elevation       , 35.81
	行 11785: [2024-11-29 12:15:36.542] APP     : INFO : TWR[0].aoa_elevation       , 39.106
	行 11800: [2024-11-29 12:15:36.791] APP     : INFO : TWR[0].aoa_elevation       , 35.102
	行 11815: [2024-11-29 12:15:37.042] APP     : INFO : TWR[0].aoa_elevation       , 40.39
	行 11830: [2024-11-29 12:15:37.292] APP     : INFO : TWR[0].aoa_elevation       , 44.43
	行 11845: [2024-11-29 12:15:37.541] APP     : INFO : TWR[0].aoa_elevation       , 39.111
	行 11860: [2024-11-29 12:15:37.792] APP     : INFO : TWR[0].aoa_elevation       , 41.3
	行 11875: [2024-11-29 12:15:38.042] APP     : INFO : TWR[0].aoa_elevation       , 40.118
	行 11890: [2024-11-29 12:15:38.292] APP     : INFO : TWR[0].aoa_elevation       , 46.13
	行 11905: [2024-11-29 12:15:38.542] APP     : INFO : TWR[0].aoa_elevation       , 42.75
	行 11920: [2024-11-29 12:15:38.791] APP     : INFO : TWR[0].aoa_elevation       , 38.48
	行 11935: [2024-11-29 12:15:39.042] APP     : INFO : TWR[0].aoa_elevation       , 42.14
	行 11950: [2024-11-29 12:15:39.291] APP     : INFO : TWR[0].aoa_elevation       , 38.28
	行 11965: [2024-11-29 12:15:39.542] APP     : INFO : TWR[0].aoa_elevation       , 42.11
	行 11980: [2024-11-29 12:15:39.792] APP     : INFO : TWR[0].aoa_elevation       , 60.0
	行 12001: [2024-11-29 12:15:40.291] APP     : INFO : TWR[0].aoa_elevation       , 29.122
	行 12016: [2024-11-29 12:15:40.542] APP     : INFO : TWR[0].aoa_elevation       , 23.60
	行 12031: [2024-11-29 12:15:40.792] APP     : INFO : TWR[0].aoa_elevation       , 25.45
	行 12046: [2024-11-29 12:15:41.042] APP     : INFO : TWR[0].aoa_elevation       , 23.47
	行 12061: [2024-11-29 12:15:41.291] APP     : INFO : TWR[0].aoa_elevation       , 22.17
	行 12076: [2024-11-29 12:15:41.542] APP     : INFO : TWR[0].aoa_elevation       , 23.92
	行 12091: [2024-11-29 12:15:41.791] APP     : INFO : TWR[0].aoa_elevation       , 24.70
	行 12106: [2024-11-29 12:15:42.042] APP     : INFO : TWR[0].aoa_elevation       , 18.64
	行 12121: [2024-11-29 12:15:42.291] APP     : INFO : TWR[0].aoa_elevation       , 12.57
	行 12136: [2024-11-29 12:15:42.542] APP     : INFO : TWR[0].aoa_elevation       , 13.95
	行 12151: [2024-11-29 12:15:42.791] APP     : INFO : TWR[0].aoa_elevation       , 14.77
	行 12166: [2024-11-29 12:15:43.042] APP     : INFO : TWR[0].aoa_elevation       , 16.7
	行 12181: [2024-11-29 12:15:43.292] APP     : INFO : TWR[0].aoa_elevation       , 19.99
	行 12196: [2024-11-29 12:15:43.541] APP     : INFO : TWR[0].aoa_elevation       , 19.73
	行 12211: [2024-11-29 12:15:43.792] APP     : INFO : TWR[0].aoa_elevation       , 16.101
	行 12226: [2024-11-29 12:15:44.041] APP     : INFO : TWR[0].aoa_elevation       , 18.107
	行 12241: [2024-11-29 12:15:44.292] APP     : INFO : TWR[0].aoa_elevation       , 20.118
	行 12256: [2024-11-29 12:15:44.542] APP     : INFO : TWR[0].aoa_elevation       , 15.22
	行 12271: [2024-11-29 12:15:44.792] APP     : INFO : TWR[0].aoa_elevation       , 20.35
	行 12286: [2024-11-29 12:15:45.041] APP     : INFO : TWR[0].aoa_elevation       , 23.13
	行 12301: [2024-11-29 12:15:45.292] APP     : INFO : TWR[0].aoa_elevation       , 24.71
	行 12316: [2024-11-29 12:15:45.541] APP     : INFO : TWR[0].aoa_elevation       , 26.34
	行 12331: [2024-11-29 12:15:45.792] APP     : INFO : TWR[0].aoa_elevation       , 21.55
	行 12346: [2024-11-29 12:15:46.041] APP     : INFO : TWR[0].aoa_elevation       , 13.40
	行 12361: [2024-11-29 12:15:46.291] APP     : INFO : TWR[0].aoa_elevation       , 15.88
	行 12376: [2024-11-29 12:15:46.541] APP     : INFO : TWR[0].aoa_elevation       , 18.89
	行 12391: [2024-11-29 12:15:46.791] APP     : INFO : TWR[0].aoa_elevation       , 22.25
	行 12406: [2024-11-29 12:15:47.041] APP     : INFO : TWR[0].aoa_elevation       , 18.28
	行 12421: [2024-11-29 12:15:47.291] APP     : INFO : TWR[0].aoa_elevation       , 11.34
	行 12436: [2024-11-29 12:15:47.541] APP     : INFO : TWR[0].aoa_elevation       , 14.25
	行 12451: [2024-11-29 12:15:47.791] APP     : INFO : TWR[0].aoa_elevation       , 13.100
	行 12466: [2024-11-29 12:15:48.041] APP     : INFO : TWR[0].aoa_elevation       , 10.2
	行 12481: [2024-11-29 12:15:48.291] APP     : INFO : TWR[0].aoa_elevation       , 13.31
	行 12496: [2024-11-29 12:15:48.542] APP     : INFO : TWR[0].aoa_elevation       , 12.73
	行 12511: [2024-11-29 12:15:48.791] APP     : INFO : TWR[0].aoa_elevation       , 10.47
	行 12526: [2024-11-29 12:15:49.041] APP     : INFO : TWR[0].aoa_elevation       , 12.99
	行 12541: [2024-11-29 12:15:49.291] APP     : INFO : TWR[0].aoa_elevation       , 6.95
	行 12556: [2024-11-29 12:15:49.542] APP     : INFO : TWR[0].aoa_elevation       , 6.18
	行 12571: [2024-11-29 12:15:49.791] APP     : INFO : TWR[0].aoa_elevation       , 7.99
	行 12586: [2024-11-29 12:15:50.041] APP     : INFO : TWR[0].aoa_elevation       , 7.43
	行 12601: [2024-11-29 12:15:50.291] APP     : INFO : TWR[0].aoa_elevation       , 12.39
	行 12616: [2024-11-29 12:15:50.541] APP     : INFO : TWR[0].aoa_elevation       , 11.110
	行 12631: [2024-11-29 12:15:50.791] APP     : INFO : TWR[0].aoa_elevation       , 10.32
	行 12646: [2024-11-29 12:15:51.041] APP     : INFO : TWR[0].aoa_elevation       , 5.90
	行 12661: [2024-11-29 12:15:51.291] APP     : INFO : TWR[0].aoa_elevation       , 12.4
	行 12676: [2024-11-29 12:15:51.542] APP     : INFO : TWR[0].aoa_elevation       , 12.30
	行 12691: [2024-11-29 12:15:51.791] APP     : INFO : TWR[0].aoa_elevation       , 10.72
	行 12706: [2024-11-29 12:15:52.042] APP     : INFO : TWR[0].aoa_elevation       , 10.122
	行 12721: [2024-11-29 12:15:52.291] APP     : INFO : TWR[0].aoa_elevation       , 9.4
	行 12736: [2024-11-29 12:15:52.541] APP     : INFO : TWR[0].aoa_elevation       , 12.54
	行 12751: [2024-11-29 12:15:52.792] APP     : INFO : TWR[0].aoa_elevation       , 10.6
	行 12766: [2024-11-29 12:15:53.041] APP     : INFO : TWR[0].aoa_elevation       , 11.30
	行 12781: [2024-11-29 12:15:53.291] APP     : INFO : TWR[0].aoa_elevation       , 12.125
	行 12796: [2024-11-29 12:15:53.541] APP     : INFO : TWR[0].aoa_elevation       , 12.83
	行 12811: [2024-11-29 12:15:53.791] APP     : INFO : TWR[0].aoa_elevation       , 13.67
	行 12826: [2024-11-29 12:15:54.041] APP     : INFO : TWR[0].aoa_elevation       , 10.78
	行 12841: [2024-11-29 12:15:54.292] APP     : INFO : TWR[0].aoa_elevation       , 11.57
	行 12856: [2024-11-29 12:15:54.541] APP     : INFO : TWR[0].aoa_elevation       , 10.11
	行 12871: [2024-11-29 12:15:54.791] APP     : INFO : TWR[0].aoa_elevation       , 10.100
	行 12886: [2024-11-29 12:15:55.041] APP     : INFO : TWR[0].aoa_elevation       , 11.101
	行 12901: [2024-11-29 12:15:55.291] APP     : INFO : TWR[0].aoa_elevation       , 14.38
	行 12916: [2024-11-29 12:15:55.541] APP     : INFO : TWR[0].aoa_elevation       , 15.91
	行 12931: [2024-11-29 12:15:55.791] APP     : INFO : TWR[0].aoa_elevation       , 14.100
	行 12946: [2024-11-29 12:15:56.041] APP     : INFO : TWR[0].aoa_elevation       , 14.93
	行 12961: [2024-11-29 12:15:56.291] APP     : INFO : TWR[0].aoa_elevation       , 13.127
	行 12976: [2024-11-29 12:15:56.541] APP     : INFO : TWR[0].aoa_elevation       , 15.103
	行 12991: [2024-11-29 12:15:56.791] APP     : INFO : TWR[0].aoa_elevation       , 19.66
	行 13006: [2024-11-29 12:15:57.041] APP     : INFO : TWR[0].aoa_elevation       , 17.19
	行 13021: [2024-11-29 12:15:57.291] APP     : INFO : TWR[0].aoa_elevation       , 15.117
	行 13036: [2024-11-29 12:15:57.541] APP     : INFO : TWR[0].aoa_elevation       , 15.100
	行 13051: [2024-11-29 12:15:57.791] APP     : INFO : TWR[0].aoa_elevation       , 16.54
	行 13066: [2024-11-29 12:15:58.043] APP     : INFO : TWR[0].aoa_elevation       , 17.42
	行 13081: [2024-11-29 12:15:58.293] APP     : INFO : TWR[0].aoa_elevation       , 16.114
	行 13096: [2024-11-29 12:15:58.540] APP     : INFO : TWR[0].aoa_elevation       , 20.78
	行 13111: [2024-11-29 12:15:58.791] APP     : INFO : TWR[0].aoa_elevation       , 24.107
	行 13126: [2024-11-29 12:15:59.041] APP     : INFO : TWR[0].aoa_elevation       , 22.39
	行 13141: [2024-11-29 12:15:59.291] APP     : INFO : TWR[0].aoa_elevation       , 20.81
	行 13156: [2024-11-29 12:15:59.542] APP     : INFO : TWR[0].aoa_elevation       , 20.66
	行 13166: [2024-11-29 12:15:59.791] APP     : INFO : TWR[0].aoa_elevation       , 23.94
	行 13181: [2024-11-29 12:16:00.042] APP     : INFO : TWR[0].aoa_elevation       , 26.123
	行 13196: [2024-11-29 12:16:00.291] APP     : INFO : TWR[0].aoa_elevation       , 25.21
	行 13211: [2024-11-29 12:16:00.541] APP     : INFO : TWR[0].aoa_elevation       , 24.96
	行 13226: [2024-11-29 12:16:00.791] APP     : INFO : TWR[0].aoa_elevation       , 26.14
	行 13241: [2024-11-29 12:16:01.041] APP     : INFO : TWR[0].aoa_elevation       , 27.122
	行 13256: [2024-11-29 12:16:01.291] APP     : INFO : TWR[0].aoa_elevation       , 25.70
	行 13271: [2024-11-29 12:16:01.541] APP     : INFO : TWR[0].aoa_elevation       , 27.35
	行 13286: [2024-11-29 12:16:01.791] APP     : INFO : TWR[0].aoa_elevation       , 26.111
	行 13301: [2024-11-29 12:16:02.041] APP     : INFO : TWR[0].aoa_elevation       , 29.74
	行 13316: [2024-11-29 12:16:02.291] APP     : INFO : TWR[0].aoa_elevation       , 27.17
	行 13331: [2024-11-29 12:16:02.541] APP     : INFO : TWR[0].aoa_elevation       , 22.100
	行 13346: [2024-11-29 12:16:02.791] APP     : INFO : TWR[0].aoa_elevation       , 23.101
	行 13361: [2024-11-29 12:16:03.041] APP     : INFO : TWR[0].aoa_elevation       , 21.58
	行 13376: [2024-11-29 12:16:03.291] APP     : INFO : TWR[0].aoa_elevation       , 22.60

