	行   122: @@@ User Speed is :( 5a09 ) , 12.65 ,(cm/s)
	行   191: @@@ User Speed is :( 5a09 ) , 8.94 ,(cm/s)
	行   208: @@@ User Speed is :( 5a09 ) , 5.66 ,(cm/s)
	行   231: @@@ User Speed is :( 5a09 ) , 4.00 ,(cm/s)
	行   254: @@@ User Speed is :( 5a09 ) , 4.00 ,(cm/s)
	行   277: @@@ User Speed is :( 5a09 ) , 12.65 ,(cm/s)
	行   300: @@@ User Speed is :( 5a09 ) , 4.00 ,(cm/s)
	行   323: @@@ User Speed is :( 5a09 ) , 4.00 ,(cm/s)
	行   346: @@@ User Speed is :( 5a09 ) , 0 ,(cm/s)
	行   369: @@@ User Speed is :( 5a09 ) , 8.00 ,(cm/s)
	行   392: @@@ User Speed is :( 5a09 ) , 12.65 ,(cm/s)
	行   415: @@@ User Speed is :( 5a09 ) , 8.94 ,(cm/s)
	行   438: @@@ User Speed is :( 5a09 ) , 5.66 ,(cm/s)
	行   461: @@@ User Speed is :( 5a09 ) , 5.66 ,(cm/s)
	行   484: @@@ User Speed is :( 5a09 ) , 0 ,(cm/s)
	行   507: @@@ User Speed is :( 5a09 ) , 12.65 ,(cm/s)
	行   530: @@@ User Speed is :( 5a09 ) , 21.54 ,(cm/s)
	行   553: @@@ User Speed is :( 5a09 ) , 8.94 ,(cm/s)
	行   576: @@@ User Speed is :( 5a09 ) , 5.66 ,(cm/s)
	行   599: @@@ User Speed is :( 5a09 ) , 12.65 ,(cm/s)
	行   622: @@@ User Speed is :( 5a09 ) , 8.94 ,(cm/s)
	行   645: @@@ User Speed is :( 5a09 ) , 4.00 ,(cm/s)
	行   668: @@@ User Speed is :( 5a09 ) , 11.31 ,(cm/s)
	行   691: @@@ User Speed is :( 5a09 ) , 5.66 ,(cm/s)
	行   714: @@@ User Speed is :( 5a09 ) , 12.00 ,(cm/s)
	行   737: @@@ User Speed is :( 5a09 ) , 0 ,(cm/s)
	行   760: @@@ User Speed is :( 5a09 ) , 4.00 ,(cm/s)
	行   777: @@@ User Speed is :( 5a09 ) , 0 ,(cm/s)
	行   800: @@@ User Speed is :( 5a09 ) , 5.66 ,(cm/s)
	行   823: @@@ User Speed is :( 5a09 ) , 0 ,(cm/s)
	行   846: @@@ User Speed is :( 5a09 ) , 4.00 ,(cm/s)
	行   869: @@@ User Speed is :( 5a09 ) , 8.94 ,(cm/s)
	行   892: @@@ User Speed is :( 5a09 ) , 11.31 ,(cm/s)
	行   915: @@@ User Speed is :( 5a09 ) , 8.94 ,(cm/s)
	行   938: @@@ User Speed is :( 5a09 ) , 0 ,(cm/s)
	行   961: @@@ User Speed is :( 5a09 ) , 8.94 ,(cm/s)
	行   984: @@@ User Speed is :( 5a09 ) , 4.00 ,(cm/s)
	行  1007: @@@ User Speed is :( 5a09 ) , 4.00 ,(cm/s)
	行  1030: @@@ User Speed is :( 5a09 ) , 5.66 ,(cm/s)
	行  1053: @@@ User Speed is :( 5a09 ) , 5.66 ,(cm/s)
	行  1076: @@@ User Speed is :( 5a09 ) , 14.42 ,(cm/s)
	行  1099: @@@ User Speed is :( 5a09 ) , 12.65 ,(cm/s)
	行  1122: @@@ User Speed is :( 5a09 ) , 8.94 ,(cm/s)
	行  1145: @@@ User Speed is :( 5a09 ) , 5.66 ,(cm/s)
	行  1168: @@@ User Speed is :( 5a09 ) , 5.66 ,(cm/s)
	行  1191: @@@ User Speed is :( 5a09 ) , 0 ,(cm/s)
	行  1214: @@@ User Speed is :( 5a09 ) , 17.89 ,(cm/s)
	行  1237: @@@ User Speed is :( 5a09 ) , 12.65 ,(cm/s)
	行  1260: @@@ User Speed is :( 5a09 ) , 0 ,(cm/s)
	行  1283: @@@ User Speed is :( 5a09 ) , 14.42 ,(cm/s)
	行  1306: @@@ User Speed is :( 5a09 ) , 20.00 ,(cm/s)
	行  1329: @@@ User Speed is :( 5a09 ) , 14.42 ,(cm/s)
	行  1352: @@@ User Speed is :( 5a09 ) , 4.00 ,(cm/s)
	行  1375: @@@ User Speed is :( 5a09 ) , 4.00 ,(cm/s)
	行  1398: @@@ User Speed is :( 5a09 ) , 5.66 ,(cm/s)
	行  1421: @@@ User Speed is :( 5a09 ) , 0 ,(cm/s)
	行  1444: @@@ User Speed is :( 5a09 ) , 8.94 ,(cm/s)
	行  1467: @@@ User Speed is :( 5a09 ) , 4.00 ,(cm/s)
	行  1490: @@@ User Speed is :( 5a09 ) , 12.00 ,(cm/s)
	行  1513: @@@ User Speed is :( 5a09 ) , 4.00 ,(cm/s)
	行  1536: @@@ User Speed is :( 5a09 ) , 12.00 ,(cm/s)
	行  1559: @@@ User Speed is :( 5a09 ) , 12.65 ,(cm/s)
	行  1582: @@@ User Speed is :( 5a09 ) , 14.42 ,(cm/s)
	行  1605: @@@ User Speed is :( 5a09 ) , 8.00 ,(cm/s)
	行  1628: @@@ User Speed is :( 5a09 ) , 16.97 ,(cm/s)
	行  1651: @@@ User Speed is :( 5a09 ) , 8.94 ,(cm/s)
	行  1674: @@@ User Speed is :( 5a09 ) , 8.00 ,(cm/s)
	行  1697: @@@ User Speed is :( 5a09 ) , 16.49 ,(cm/s)
	行  1720: @@@ User Speed is :( 5a09 ) , 8.00 ,(cm/s)
	行  1743: @@@ User Speed is :( 5a09 ) , 24.33 ,(cm/s)
	行  1766: @@@ User Speed is :( 5a09 ) , 29.12 ,(cm/s)
	行  1789: @@@ User Speed is :( 5a09 ) , 17.89 ,(cm/s)
	行  1812: @@@ User Speed is :( 5a09 ) , 8.00 ,(cm/s)
	行  1835: @@@ User Speed is :( 5a09 ) , 5.66 ,(cm/s)
	行  1858: @@@ User Speed is :( 5a09 ) , 5.66 ,(cm/s)
	行  1881: @@@ User Speed is :( 5a09 ) , 8.00 ,(cm/s)
	行  1904: @@@ User Speed is :( 5a09 ) , 16.97 ,(cm/s)
	行  1927: @@@ User Speed is :( 5a09 ) , 8.94 ,(cm/s)
	行  1950: @@@ User Speed is :( 5a09 ) , 0 ,(cm/s)
	行  1973: @@@ User Speed is :( 5a09 ) , 4.00 ,(cm/s)
	行  1996: @@@ User Speed is :( 5a09 ) , 11.31 ,(cm/s)
	行  2019: @@@ User Speed is :( 5a09 ) , 8.94 ,(cm/s)
	行  2042: @@@ User Speed is :( 5a09 ) , 12.00 ,(cm/s)
	行  2065: @@@ User Speed is :( 5a09 ) , 8.94 ,(cm/s)
	行  2088: @@@ User Speed is :( 5a09 ) , 5.66 ,(cm/s)
	行  2111: @@@ User Speed is :( 5a09 ) , 8.94 ,(cm/s)
	行  2134: @@@ User Speed is :( 5a09 ) , 23.32 ,(cm/s)
	行  2157: @@@ User Speed is :( 5a09 ) , 4.00 ,(cm/s)
	行  2180: @@@ User Speed is :( 5a09 ) , 0 ,(cm/s)
	行  2203: @@@ User Speed is :( 5a09 ) , 12.00 ,(cm/s)
	行  2226: @@@ User Speed is :( 5a09 ) , 8.00 ,(cm/s)
	行  2249: @@@ User Speed is :( 5a09 ) , 21.54 ,(cm/s)
	行  2272: @@@ User Speed is :( 5a09 ) , 24.33 ,(cm/s)
	行  2295: @@@ User Speed is :( 5a09 ) , 8.94 ,(cm/s)
	行  2318: @@@ User Speed is :( 5a09 ) , 25.30 ,(cm/s)
	行  2341: @@@ User Speed is :( 5a09 ) , 16.49 ,(cm/s)
	行  2364: @@@ User Speed is :( 5a09 ) , 5.66 ,(cm/s)
	行  2387: @@@ User Speed is :( 5a09 ) , 8.94 ,(cm/s)
	行  2410: @@@ User Speed is :( 5a09 ) , 24.33 ,(cm/s)
	行  2433: @@@ User Speed is :( 5a09 ) , 20.00 ,(cm/s)
	行  2456: @@@ User Speed is :( 5a09 ) , 4.00 ,(cm/s)
	行  2479: @@@ User Speed is :( 5a09 ) , 17.89 ,(cm/s)
	行  2502: @@@ User Speed is :( 5a09 ) , 23.32 ,(cm/s)
	行  2525: @@@ User Speed is :( 5a09 ) , 4.00 ,(cm/s)
	行  2548: @@@ User Speed is :( 5a09 ) , 4.00 ,(cm/s)
	行  2571: @@@ User Speed is :( 5a09 ) , 12.65 ,(cm/s)
	行  2594: @@@ User Speed is :( 5a09 ) , 12.00 ,(cm/s)
	行  2617: @@@ User Speed is :( 5a09 ) , 0 ,(cm/s)
	行  2640: @@@ User Speed is :( 5a09 ) , 4.00 ,(cm/s)
	行  2663: @@@ User Speed is :( 5a09 ) , 0 ,(cm/s)
	行  2686: @@@ User Speed is :( 5a09 ) , 20.40 ,(cm/s)
	行  2709: @@@ User Speed is :( 5a09 ) , 5.66 ,(cm/s)
	行  2732: @@@ User Speed is :( 5a09 ) , 4.00 ,(cm/s)
	行  2755: @@@ User Speed is :( 5a09 ) , 0 ,(cm/s)
	行  2778: @@@ User Speed is :( 5a09 ) , 21.54 ,(cm/s)
	行  2801: @@@ User Speed is :( 5a09 ) , 0 ,(cm/s)
	行  2824: @@@ User Speed is :( 5a09 ) , 0 ,(cm/s)
	行  2847: @@@ User Speed is :( 5a09 ) , 8.94 ,(cm/s)
	行  2870: @@@ User Speed is :( 5a09 ) , 8.94 ,(cm/s)
	行  2893: @@@ User Speed is :( 5a09 ) , 8.94 ,(cm/s)
	行  2916: @@@ User Speed is :( 5a09 ) , 16.49 ,(cm/s)
	行  2939: @@@ User Speed is :( 5a09 ) , 16.00 ,(cm/s)
	行  2962: @@@ User Speed is :( 5a09 ) , 4.00 ,(cm/s)
	行  2985: @@@ User Speed is :( 5a09 ) , 11.31 ,(cm/s)
	行  3008: @@@ User Speed is :( 5a09 ) , 4.00 ,(cm/s)
	行  3031: @@@ User Speed is :( 5a09 ) , 20.40 ,(cm/s)
	行  3054: @@@ User Speed is :( 5a09 ) , 8.94 ,(cm/s)
	行  3077: @@@ User Speed is :( 5a09 ) , 11.31 ,(cm/s)
	行  3100: @@@ User Speed is :( 5a09 ) , 16.49 ,(cm/s)
	行  3123: @@@ User Speed is :( 5a09 ) , 4.00 ,(cm/s)
	行  3146: @@@ User Speed is :( 5a09 ) , 8.94 ,(cm/s)
	行  3169: @@@ User Speed is :( 5a09 ) , 12.00 ,(cm/s)
	行  3192: @@@ User Speed is :( 5a09 ) , 4.00 ,(cm/s)
	行  3215: @@@ User Speed is :( 5a09 ) , 5.66 ,(cm/s)
	行  3238: @@@ User Speed is :( 5a09 ) , 4.00 ,(cm/s)
	行  3261: @@@ User Speed is :( 5a09 ) , 0 ,(cm/s)
	行  3284: @@@ User Speed is :( 5a09 ) , 12.00 ,(cm/s)
	行  3301: @@@ User Speed is :( 5a09 ) , 8.00 ,(cm/s)
	行  3324: @@@ User Speed is :( 5a09 ) , 16.00 ,(cm/s)
	行  3347: @@@ User Speed is :( 5a09 ) , 4.00 ,(cm/s)
	行  3370: @@@ User Speed is :( 5a09 ) , 14.42 ,(cm/s)
	行  3393: @@@ User Speed is :( 5a09 ) , 5.66 ,(cm/s)
	行  3416: @@@ User Speed is :( 5a09 ) , 5.66 ,(cm/s)
	行  3439: @@@ User Speed is :( 5a09 ) , 12.65 ,(cm/s)
	行  3462: @@@ User Speed is :( 5a09 ) , 12.65 ,(cm/s)
	行  3485: @@@ User Speed is :( 5a09 ) , 4.00 ,(cm/s)
	行  3508: @@@ User Speed is :( 5a09 ) , 16.00 ,(cm/s)
	行  3531: @@@ User Speed is :( 5a09 ) , 12.65 ,(cm/s)
	行  3554: @@@ User Speed is :( 5a09 ) , 0 ,(cm/s)
	行  3577: @@@ User Speed is :( 5a09 ) , 4.00 ,(cm/s)
	行  3600: @@@ User Speed is :( 5a09 ) , 16.49 ,(cm/s)
	行  3623: @@@ User Speed is :( 5a09 ) , 16.00 ,(cm/s)
	行  3646: @@@ User Speed is :( 5a09 ) , 8.94 ,(cm/s)
	行  3669: @@@ User Speed is :( 5a09 ) , 8.94 ,(cm/s)
	行  3692: @@@ User Speed is :( 5a09 ) , 0 ,(cm/s)
	行  3715: @@@ User Speed is :( 5a09 ) , 4.00 ,(cm/s)
	行  3738: @@@ User Speed is :( 5a09 ) , 12.00 ,(cm/s)
	行  3761: @@@ User Speed is :( 5a09 ) , 0 ,(cm/s)
	行  3784: @@@ User Speed is :( 5a09 ) , 5.66 ,(cm/s)
	行  3807: @@@ User Speed is :( 5a09 ) , 8.94 ,(cm/s)
	行  3830: @@@ User Speed is :( 5a09 ) , 12.65 ,(cm/s)
	行  3853: @@@ User Speed is :( 5a09 ) , 20.00 ,(cm/s)
	行  3876: @@@ User Speed is :( 5a09 ) , 17.89 ,(cm/s)
	行  3899: @@@ User Speed is :( 5a09 ) , 17.89 ,(cm/s)
	行  3922: @@@ User Speed is :( 5a09 ) , 17.89 ,(cm/s)
	行  3945: @@@ User Speed is :( 5a09 ) , 8.94 ,(cm/s)
	行  3968: @@@ User Speed is :( 5a09 ) , 12.65 ,(cm/s)
	行  3991: @@@ User Speed is :( 5a09 ) , 8.00 ,(cm/s)
	行  4014: @@@ User Speed is :( 5a09 ) , 12.65 ,(cm/s)
	行  4037: @@@ User Speed is :( 5a09 ) , 4.00 ,(cm/s)
	行  4060: @@@ User Speed is :( 5a09 ) , 14.42 ,(cm/s)
	行  4083: @@@ User Speed is :( 5a09 ) , 8.00 ,(cm/s)
	行  4106: @@@ User Speed is :( 5a09 ) , 0 ,(cm/s)
	行  4129: @@@ User Speed is :( 5a09 ) , 8.00 ,(cm/s)
	行  4152: @@@ User Speed is :( 5a09 ) , 4.00 ,(cm/s)
	行  4175: @@@ User Speed is :( 5a09 ) , 11.31 ,(cm/s)
	行  4198: @@@ User Speed is :( 5a09 ) , 8.00 ,(cm/s)
	行  4221: @@@ User Speed is :( 5a09 ) , 5.66 ,(cm/s)
	行  4244: @@@ User Speed is :( 5a09 ) , 8.94 ,(cm/s)
	行  4267: @@@ User Speed is :( 5a09 ) , 5.66 ,(cm/s)
	行  4290: @@@ User Speed is :( 5a09 ) , 5.66 ,(cm/s)
	行  4313: @@@ User Speed is :( 5a09 ) , 0 ,(cm/s)
	行  4330: @@@ User Speed is :( 5a09 ) , 12.00 ,(cm/s)
	行  4353: @@@ User Speed is :( 5a09 ) , 12.65 ,(cm/s)
	行  4376: @@@ User Speed is :( 5a09 ) , 20.40 ,(cm/s)
	行  4399: @@@ User Speed is :( 5a09 ) , 8.94 ,(cm/s)
	行  4422: @@@ User Speed is :( 5a09 ) , 25.61 ,(cm/s)
	行  4445: @@@ User Speed is :( 5a09 ) , 20.00 ,(cm/s)
	行  4468: @@@ User Speed is :( 5a09 ) , 14.42 ,(cm/s)
	行  4491: @@@ User Speed is :( 5a09 ) , 17.89 ,(cm/s)
	行  4514: @@@ User Speed is :( 5a09 ) , 12.00 ,(cm/s)
	行  4537: @@@ User Speed is :( 5a09 ) , 8.00 ,(cm/s)
	行  4560: @@@ User Speed is :( 5a09 ) , 20.40 ,(cm/s)
	行  4583: @@@ User Speed is :( 5a09 ) , 12.00 ,(cm/s)
	行  4606: @@@ User Speed is :( 5a09 ) , 5.66 ,(cm/s)
	行  4629: @@@ User Speed is :( 5a09 ) , 5.66 ,(cm/s)
	行  4652: @@@ User Speed is :( 5a09 ) , 5.66 ,(cm/s)
	行  4675: @@@ User Speed is :( 5a09 ) , 14.42 ,(cm/s)
	行  4698: @@@ User Speed is :( 5a09 ) , 8.00 ,(cm/s)
	行  4721: @@@ User Speed is :( 5a09 ) , 8.94 ,(cm/s)
	行  4744: @@@ User Speed is :( 5a09 ) , 0 ,(cm/s)
	行  4767: @@@ User Speed is :( 5a09 ) , 16.49 ,(cm/s)
	行  4790: @@@ User Speed is :( 5a09 ) , 8.94 ,(cm/s)
	行  4813: @@@ User Speed is :( 5a09 ) , 12.00 ,(cm/s)
	行  4836: @@@ User Speed is :( 5a09 ) , 12.00 ,(cm/s)
	行  4859: @@@ User Speed is :( 5a09 ) , 8.00 ,(cm/s)
	行  4882: @@@ User Speed is :( 5a09 ) , 8.00 ,(cm/s)
	行  4905: @@@ User Speed is :( 5a09 ) , 14.42 ,(cm/s)
	行  4928: @@@ User Speed is :( 5a09 ) , 5.66 ,(cm/s)
	行  4951: @@@ User Speed is :( 5a09 ) , 12.65 ,(cm/s)
	行  4974: @@@ User Speed is :( 5a09 ) , 12.00 ,(cm/s)
	行  4997: @@@ User Speed is :( 5a09 ) , 17.89 ,(cm/s)
	行  5020: @@@ User Speed is :( 5a09 ) , 5.66 ,(cm/s)
	行  5043: @@@ User Speed is :( 5a09 ) , 4.00 ,(cm/s)
	行  5066: @@@ User Speed is :( 5a09 ) , 14.42 ,(cm/s)
	行  5089: @@@ User Speed is :( 5a09 ) , 4.00 ,(cm/s)
	行  5112: @@@ User Speed is :( 5a09 ) , 8.94 ,(cm/s)
	行  5135: @@@ User Speed is :( 5a09 ) , 12.65 ,(cm/s)
	行  5158: @@@ User Speed is :( 5a09 ) , 11.31 ,(cm/s)
	行  5181: @@@ User Speed is :( 5a09 ) , 11.31 ,(cm/s)
	行  5204: @@@ User Speed is :( 5a09 ) , 16.00 ,(cm/s)
	行  5227: @@@ User Speed is :( 5a09 ) , 4.00 ,(cm/s)
	行  5250: @@@ User Speed is :( 5a09 ) , 29.12 ,(cm/s)
	行  5273: @@@ User Speed is :( 5a09 ) , 4.00 ,(cm/s)
	行  5296: @@@ User Speed is :( 5a09 ) , 17.89 ,(cm/s)
	行  5319: @@@ User Speed is :( 5a09 ) , 12.65 ,(cm/s)
	行  5342: @@@ User Speed is :( 5a09 ) , 17.89 ,(cm/s)
	行  5365: @@@ User Speed is :( 5a09 ) , 25.30 ,(cm/s)
	行  5388: @@@ User Speed is :( 5a09 ) , 16.00 ,(cm/s)
	行  5411: @@@ User Speed is :( 5a09 ) , 12.65 ,(cm/s)
	行  5434: @@@ User Speed is :( 5a09 ) , 12.65 ,(cm/s)
	行  5457: @@@ User Speed is :( 5a09 ) , 8.00 ,(cm/s)
	行  5480: @@@ User Speed is :( 5a09 ) , 4.00 ,(cm/s)
	行  5503: @@@ User Speed is :( 5a09 ) , 5.66 ,(cm/s)
	行  5526: @@@ User Speed is :( 5a09 ) , 8.00 ,(cm/s)
	行  5549: @@@ User Speed is :( 5a09 ) , 24.33 ,(cm/s)
	行  5572: @@@ User Speed is :( 5a09 ) , 8.00 ,(cm/s)
	行  5595: @@@ User Speed is :( 5a09 ) , 8.00 ,(cm/s)
	行  5618: @@@ User Speed is :( 5a09 ) , 16.49 ,(cm/s)
	行  5641: @@@ User Speed is :( 5a09 ) , 5.66 ,(cm/s)
	行  5658: @@@ User Speed is :( 5a09 ) , 8.00 ,(cm/s)
	行  5681: @@@ User Speed is :( 5a09 ) , 8.94 ,(cm/s)
	行  5704: @@@ User Speed is :( 5a09 ) , 8.94 ,(cm/s)
	行  5727: @@@ User Speed is :( 5a09 ) , 14.42 ,(cm/s)
	行  5750: @@@ User Speed is :( 5a09 ) , 5.66 ,(cm/s)
	行  5773: @@@ User Speed is :( 5a09 ) , 11.31 ,(cm/s)
	行  5796: @@@ User Speed is :( 5a09 ) , 12.65 ,(cm/s)
	行  5819: @@@ User Speed is :( 5a09 ) , 8.00 ,(cm/s)
	行  5842: @@@ User Speed is :( 5a09 ) , 0 ,(cm/s)
	行  5865: @@@ User Speed is :( 5a09 ) , 0 ,(cm/s)
	行  5888: @@@ User Speed is :( 5a09 ) , 8.94 ,(cm/s)
	行  5911: @@@ User Speed is :( 5a09 ) , 5.66 ,(cm/s)
	行  5934: @@@ User Speed is :( 5a09 ) , 5.66 ,(cm/s)
	行  5957: @@@ User Speed is :( 5a09 ) , 0 ,(cm/s)
	行  5980: @@@ User Speed is :( 5a09 ) , 4.00 ,(cm/s)
	行  6003: @@@ User Speed is :( 5a09 ) , 12.65 ,(cm/s)
	行  6026: @@@ User Speed is :( 5a09 ) , 12.00 ,(cm/s)
	行  6049: @@@ User Speed is :( 5a09 ) , 8.94 ,(cm/s)
	行  6072: @@@ User Speed is :( 5a09 ) , 16.00 ,(cm/s)
	行  6095: @@@ User Speed is :( 5a09 ) , 8.00 ,(cm/s)
	行  6118: @@@ User Speed is :( 5a09 ) , 5.66 ,(cm/s)
	行  6141: @@@ User Speed is :( 5a09 ) , 12.65 ,(cm/s)
	行  6164: @@@ User Speed is :( 5a09 ) , 16.49 ,(cm/s)
	行  6187: @@@ User Speed is :( 5a09 ) , 8.94 ,(cm/s)
	行  6210: @@@ User Speed is :( 5a09 ) , 8.94 ,(cm/s)
	行  6233: @@@ User Speed is :( 5a09 ) , 8.94 ,(cm/s)
	行  6256: @@@ User Speed is :( 5a09 ) , 4.00 ,(cm/s)
	行  6279: @@@ User Speed is :( 5a09 ) , 4.00 ,(cm/s)
	行  6302: @@@ User Speed is :( 5a09 ) , 8.00 ,(cm/s)
	行  6325: @@@ User Speed is :( 5a09 ) , 4.00 ,(cm/s)
	行  6348: @@@ User Speed is :( 5a09 ) , 16.49 ,(cm/s)
	行  6371: @@@ User Speed is :( 5a09 ) , 12.65 ,(cm/s)
	行  6394: @@@ User Speed is :( 5a09 ) , 4.00 ,(cm/s)
	行  6417: @@@ User Speed is :( 5a09 ) , 11.31 ,(cm/s)
	行  6440: @@@ User Speed is :( 5a09 ) , 4.00 ,(cm/s)
	行  6463: @@@ User Speed is :( 5a09 ) , 4.00 ,(cm/s)
	行  6486: @@@ User Speed is :( 5a09 ) , 8.94 ,(cm/s)
	行  6509: @@@ User Speed is :( 5a09 ) , 8.94 ,(cm/s)
	行  6532: @@@ User Speed is :( 5a09 ) , 5.66 ,(cm/s)
	行  6555: @@@ User Speed is :( 5a09 ) , 0 ,(cm/s)
	行  6578: @@@ User Speed is :( 5a09 ) , 0 ,(cm/s)
	行  6601: @@@ User Speed is :( 5a09 ) , 4.00 ,(cm/s)
	行  6624: @@@ User Speed is :( 5a09 ) , 8.94 ,(cm/s)
	行  6647: @@@ User Speed is :( 5a09 ) , 14.42 ,(cm/s)
	行  6670: @@@ User Speed is :( 5a09 ) , 20.00 ,(cm/s)
	行  6693: @@@ User Speed is :( 5a09 ) , 8.94 ,(cm/s)
	行  6716: @@@ User Speed is :( 5a09 ) , 0 ,(cm/s)
	行  6739: @@@ User Speed is :( 5a09 ) , 28.00 ,(cm/s)
	行  6762: @@@ User Speed is :( 5a09 ) , 28.28 ,(cm/s)
	行  6785: @@@ User Speed is :( 5a09 ) , 4.00 ,(cm/s)
	行  6808: @@@ User Speed is :( 5a09 ) , 12.00 ,(cm/s)
	行  6831: @@@ User Speed is :( 5a09 ) , 4.00 ,(cm/s)
	行  6854: @@@ User Speed is :( 5a09 ) , 8.94 ,(cm/s)
	行  6877: @@@ User Speed is :( 5a09 ) , 4.00 ,(cm/s)
	行  6900: @@@ User Speed is :( 5a09 ) , 4.00 ,(cm/s)
	行  6923: @@@ User Speed is :( 5a09 ) , 0 ,(cm/s)
	行  6946: @@@ User Speed is :( 5a09 ) , 14.42 ,(cm/s)
	行  6969: @@@ User Speed is :( 5a09 ) , 8.00 ,(cm/s)
	行  6992: @@@ User Speed is :( 5a09 ) , 12.65 ,(cm/s)
	行  7015: @@@ User Speed is :( 5a09 ) , 20.00 ,(cm/s)
	行  7038: @@@ User Speed is :( 5a09 ) , 0 ,(cm/s)
	行  7061: @@@ User Speed is :( 5a09 ) , 4.00 ,(cm/s)
	行  7084: @@@ User Speed is :( 5a09 ) , 5.66 ,(cm/s)
	行  7107: @@@ User Speed is :( 5a09 ) , 5.66 ,(cm/s)
	行  7130: @@@ User Speed is :( 5a09 ) , 5.66 ,(cm/s)
	行  7153: @@@ User Speed is :( 5a09 ) , 5.66 ,(cm/s)
	行  7176: @@@ User Speed is :( 5a09 ) , 16.49 ,(cm/s)
	行  7199: @@@ User Speed is :( 5a09 ) , 20.00 ,(cm/s)
	行  7222: @@@ User Speed is :( 5a09 ) , 12.65 ,(cm/s)
	行  7245: @@@ User Speed is :( 5a09 ) , 5.66 ,(cm/s)
	行  7268: @@@ User Speed is :( 5a09 ) , 14.42 ,(cm/s)
	行  7291: @@@ User Speed is :( 5a09 ) , 12.65 ,(cm/s)
	行  7314: @@@ User Speed is :( 5a09 ) , 4.00 ,(cm/s)
	行  7337: @@@ User Speed is :( 5a09 ) , 4.00 ,(cm/s)
	行  7360: @@@ User Speed is :( 5a09 ) , 12.00 ,(cm/s)
	行  7383: @@@ User Speed is :( 5a09 ) , 24.33 ,(cm/s)
	行  7406: @@@ User Speed is :( 5a09 ) , 21.54 ,(cm/s)
	行  7429: @@@ User Speed is :( 5a09 ) , 20.40 ,(cm/s)
	行  7452: @@@ User Speed is :( 5a09 ) , 0 ,(cm/s)
	行  7475: @@@ User Speed is :( 5a09 ) , 0 ,(cm/s)
	行  7498: @@@ User Speed is :( 5a09 ) , 12.00 ,(cm/s)
	行  7521: @@@ User Speed is :( 5a09 ) , 8.94 ,(cm/s)
	行  7544: @@@ User Speed is :( 5a09 ) , 11.31 ,(cm/s)
	行  7567: @@@ User Speed is :( 5a09 ) , 0 ,(cm/s)
	行  7590: @@@ User Speed is :( 5a09 ) , 0 ,(cm/s)
	行  7613: @@@ User Speed is :( 5a09 ) , 8.94 ,(cm/s)
	行  7636: @@@ User Speed is :( 5a09 ) , 11.31 ,(cm/s)
	行  7659: @@@ User Speed is :( 5a09 ) , 4.00 ,(cm/s)
	行  7682: @@@ User Speed is :( 5a09 ) , 5.66 ,(cm/s)
	行  7705: @@@ User Speed is :( 5a09 ) , 8.00 ,(cm/s)
	行  7728: @@@ User Speed is :( 5a09 ) , 0 ,(cm/s)
	行  7751: @@@ User Speed is :( 5a09 ) , 0 ,(cm/s)
	行  7774: @@@ User Speed is :( 5a09 ) , 4.00 ,(cm/s)
	行  7797: @@@ User Speed is :( 5a09 ) , 8.94 ,(cm/s)
	行  7820: @@@ User Speed is :( 5a09 ) , 5.66 ,(cm/s)
	行  7843: @@@ User Speed is :( 5a09 ) , 4.00 ,(cm/s)
	行  7866: @@@ User Speed is :( 5a09 ) , 16.00 ,(cm/s)
	行  7889: @@@ User Speed is :( 5a09 ) , 8.94 ,(cm/s)
	行  7912: @@@ User Speed is :( 5a09 ) , 8.94 ,(cm/s)
	行  7935: @@@ User Speed is :( 5a09 ) , 17.89 ,(cm/s)
	行  7958: @@@ User Speed is :( 5a09 ) , 25.30 ,(cm/s)
	行  7981: @@@ User Speed is :( 5a09 ) , 12.65 ,(cm/s)
	行  8004: @@@ User Speed is :( 5a09 ) , 8.94 ,(cm/s)
	行  8027: @@@ User Speed is :( 5a09 ) , 11.31 ,(cm/s)
	行  8050: @@@ User Speed is :( 5a09 ) , 5.66 ,(cm/s)
	行  8073: @@@ User Speed is :( 5a09 ) , 4.00 ,(cm/s)
	行  8096: @@@ User Speed is :( 5a09 ) , 0 ,(cm/s)
	行  8119: @@@ User Speed is :( 5a09 ) , 8.94 ,(cm/s)
	行  8142: @@@ User Speed is :( 5a09 ) , 11.31 ,(cm/s)
	行  8165: @@@ User Speed is :( 5a09 ) , 8.94 ,(cm/s)
	行  8188: @@@ User Speed is :( 5a09 ) , 14.42 ,(cm/s)
	行  8211: @@@ User Speed is :( 5a09 ) , 26.83 ,(cm/s)
	行  8234: @@@ User Speed is :( 5a09 ) , 32.25 ,(cm/s)
	行  8257: @@@ User Speed is :( 5a09 ) , 5.66 ,(cm/s)
	行  8280: @@@ User Speed is :( 5a09 ) , 14.42 ,(cm/s)
	行  8303: @@@ User Speed is :( 5a09 ) , 4.00 ,(cm/s)
	行  8326: @@@ User Speed is :( 5a09 ) , 8.00 ,(cm/s)
	行  8349: @@@ User Speed is :( 5a09 ) , 17.89 ,(cm/s)
	行  8372: @@@ User Speed is :( 5a09 ) , 11.31 ,(cm/s)
	行  8395: @@@ User Speed is :( 5a09 ) , 4.00 ,(cm/s)
	行  8418: @@@ User Speed is :( 5a09 ) , 14.42 ,(cm/s)
	行  8441: @@@ User Speed is :( 5a09 ) , 12.65 ,(cm/s)
	行  8464: @@@ User Speed is :( 5a09 ) , 8.00 ,(cm/s)
	行  8487: @@@ User Speed is :( 5a09 ) , 12.65 ,(cm/s)
	行  8510: @@@ User Speed is :( 5a09 ) , 8.00 ,(cm/s)
	行  8533: @@@ User Speed is :( 5a09 ) , 20.40 ,(cm/s)
	行  8556: @@@ User Speed is :( 5a09 ) , 8.94 ,(cm/s)
	行  8579: @@@ User Speed is :( 5a09 ) , 4.00 ,(cm/s)
	行  8602: @@@ User Speed is :( 5a09 ) , 4.00 ,(cm/s)
	行  8625: @@@ User Speed is :( 5a09 ) , 8.00 ,(cm/s)
	行  8648: @@@ User Speed is :( 5a09 ) , 25.30 ,(cm/s)
	行  8671: @@@ User Speed is :( 5a09 ) , 17.89 ,(cm/s)
	行  8694: @@@ User Speed is :( 5a09 ) , 12.00 ,(cm/s)
	行  8717: @@@ User Speed is :( 5a09 ) , 0 ,(cm/s)
	行  8740: @@@ User Speed is :( 5a09 ) , 5.66 ,(cm/s)
	行  8763: @@@ User Speed is :( 5a09 ) , 8.00 ,(cm/s)
	行  8786: @@@ User Speed is :( 5a09 ) , 14.42 ,(cm/s)
	行  8809: @@@ User Speed is :( 5a09 ) , 21.54 ,(cm/s)
	行  8832: @@@ User Speed is :( 5a09 ) , 16.49 ,(cm/s)
	行  8855: @@@ User Speed is :( 5a09 ) , 8.94 ,(cm/s)
	行  8878: @@@ User Speed is :( 5a09 ) , 5.66 ,(cm/s)
	行  8901: @@@ User Speed is :( 5a09 ) , 5.66 ,(cm/s)
	行  8924: @@@ User Speed is :( 5a09 ) , 5.66 ,(cm/s)
	行  8947: @@@ User Speed is :( 5a09 ) , 8.00 ,(cm/s)
	行  8970: @@@ User Speed is :( 5a09 ) , 0 ,(cm/s)
	行  8993: @@@ User Speed is :( 5a09 ) , 0 ,(cm/s)
	行  9016: @@@ User Speed is :( 5a09 ) , 5.66 ,(cm/s)
	行  9039: @@@ User Speed is :( 5a09 ) , 4.00 ,(cm/s)
	行  9062: @@@ User Speed is :( 5a09 ) , 8.94 ,(cm/s)
	行  9085: @@@ User Speed is :( 5a09 ) , 5.66 ,(cm/s)
	行  9108: @@@ User Speed is :( 5a09 ) , 4.00 ,(cm/s)
	行  9131: @@@ User Speed is :( 5a09 ) , 12.00 ,(cm/s)
	行  9154: @@@ User Speed is :( 5a09 ) , 12.00 ,(cm/s)
	行  9177: @@@ User Speed is :( 5a09 ) , 4.00 ,(cm/s)
	行  9200: @@@ User Speed is :( 5a09 ) , 5.66 ,(cm/s)
	行  9223: @@@ User Speed is :( 5a09 ) , 14.42 ,(cm/s)
	行  9246: @@@ User Speed is :( 5a09 ) , 8.94 ,(cm/s)
	行  9269: @@@ User Speed is :( 5a09 ) , 28.00 ,(cm/s)
	行  9292: @@@ User Speed is :( 5a09 ) , 40.20 ,(cm/s)
	行  9315: @@@ User Speed is :( 5a09 ) , 5.66 ,(cm/s)
	行  9338: @@@ User Speed is :( 5a09 ) , 16.49 ,(cm/s)
	行  9361: @@@ User Speed is :( 5a09 ) , 14.42 ,(cm/s)
	行  9384: @@@ User Speed is :( 5a09 ) , 14.42 ,(cm/s)
	行  9407: @@@ User Speed is :( 5a09 ) , 5.66 ,(cm/s)
	行  9430: @@@ User Speed is :( 5a09 ) , 11.31 ,(cm/s)
	行  9453: @@@ User Speed is :( 5a09 ) , 12.65 ,(cm/s)
	行  9476: @@@ User Speed is :( 5a09 ) , 28.28 ,(cm/s)
	行  9499: @@@ User Speed is :( 5a09 ) , 20.00 ,(cm/s)
	行  9522: @@@ User Speed is :( 5a09 ) , 4.00 ,(cm/s)
	行  9545: @@@ User Speed is :( 5a09 ) , 5.66 ,(cm/s)
	行  9568: @@@ User Speed is :( 5a09 ) , 16.49 ,(cm/s)
	行  9591: @@@ User Speed is :( 5a09 ) , 20.40 ,(cm/s)
	行  9614: @@@ User Speed is :( 5a09 ) , 8.00 ,(cm/s)
	行  9637: @@@ User Speed is :( 5a09 ) , 0 ,(cm/s)
	行  9660: @@@ User Speed is :( 5a09 ) , 14.42 ,(cm/s)
	行  9683: @@@ User Speed is :( 5a09 ) , 23.32 ,(cm/s)
	行  9706: @@@ User Speed is :( 5a09 ) , 4.00 ,(cm/s)
	行  9729: @@@ User Speed is :( 5a09 ) , 4.00 ,(cm/s)
	行  9752: @@@ User Speed is :( 5a09 ) , 12.00 ,(cm/s)
	行  9775: @@@ User Speed is :( 5a09 ) , 12.65 ,(cm/s)
	行  9798: @@@ User Speed is :( 5a09 ) , 4.00 ,(cm/s)
	行  9821: @@@ User Speed is :( 5a09 ) , 8.94 ,(cm/s)
	行  9844: @@@ User Speed is :( 5a09 ) , 0 ,(cm/s)
	行  9867: @@@ User Speed is :( 5a09 ) , 11.31 ,(cm/s)
	行  9890: @@@ User Speed is :( 5a09 ) , 14.42 ,(cm/s)
	行  9913: @@@ User Speed is :( 5a09 ) , 8.94 ,(cm/s)
	行  9936: @@@ User Speed is :( 5a09 ) , 17.89 ,(cm/s)
	行  9959: @@@ User Speed is :( 5a09 ) , 8.94 ,(cm/s)
	行  9982: @@@ User Speed is :( 5a09 ) , 5.66 ,(cm/s)
	行 10005: @@@ User Speed is :( 5a09 ) , 16.00 ,(cm/s)
	行 10028: @@@ User Speed is :( 5a09 ) , 4.00 ,(cm/s)
	行 10051: @@@ User Speed is :( 5a09 ) , 11.31 ,(cm/s)
	行 10074: @@@ User Speed is :( 5a09 ) , 11.31 ,(cm/s)
	行 10097: @@@ User Speed is :( 5a09 ) , 12.65 ,(cm/s)
	行 10120: @@@ User Speed is :( 5a09 ) , 12.65 ,(cm/s)
	行 10143: @@@ User Speed is :( 5a09 ) , 8.94 ,(cm/s)
	行 10166: @@@ User Speed is :( 5a09 ) , 8.00 ,(cm/s)
	行 10189: @@@ User Speed is :( 5a09 ) , 12.00 ,(cm/s)
	行 10212: @@@ User Speed is :( 5a09 ) , 8.00 ,(cm/s)
	行 10235: @@@ User Speed is :( 5a09 ) , 8.94 ,(cm/s)
	行 10258: @@@ User Speed is :( 5a09 ) , 12.65 ,(cm/s)
	行 10275: @@@ User Speed is :( 5a09 ) , 4.00 ,(cm/s)
	行 10298: @@@ User Speed is :( 5a09 ) , 8.94 ,(cm/s)
	行 10321: @@@ User Speed is :( 5a09 ) , 20.00 ,(cm/s)
	行 10344: @@@ User Speed is :( 5a09 ) , 12.65 ,(cm/s)
	行 10367: @@@ User Speed is :( 5a09 ) , 0 ,(cm/s)
	行 10390: @@@ User Speed is :( 5a09 ) , 0 ,(cm/s)
	行 10413: @@@ User Speed is :( 5a09 ) , 0 ,(cm/s)
	行 10436: @@@ User Speed is :( 5a09 ) , 20.00 ,(cm/s)
	行 10459: @@@ User Speed is :( 5a09 ) , 16.49 ,(cm/s)
	行 10482: @@@ User Speed is :( 5a09 ) , 0 ,(cm/s)
	行 10505: @@@ User Speed is :( 5a09 ) , 14.42 ,(cm/s)
	行 10528: @@@ User Speed is :( 5a09 ) , 8.94 ,(cm/s)
	行 10551: @@@ User Speed is :( 5a09 ) , 12.65 ,(cm/s)
	行 10574: @@@ User Speed is :( 5a09 ) , 29.12 ,(cm/s)
	行 10597: @@@ User Speed is :( 5a09 ) , 16.00 ,(cm/s)
	行 10620: @@@ User Speed is :( 5a09 ) , 4.00 ,(cm/s)
	行 10643: @@@ User Speed is :( 5a09 ) , 12.65 ,(cm/s)
	行 10666: @@@ User Speed is :( 5a09 ) , 12.65 ,(cm/s)
	行 10689: @@@ User Speed is :( 5a09 ) , 4.00 ,(cm/s)
	行 10712: @@@ User Speed is :( 5a09 ) , 5.66 ,(cm/s)
	行 10735: @@@ User Speed is :( 5a09 ) , 4.00 ,(cm/s)
	行 10758: @@@ User Speed is :( 5a09 ) , 8.94 ,(cm/s)
	行 10781: @@@ User Speed is :( 5a09 ) , 4.00 ,(cm/s)
	行 10804: @@@ User Speed is :( 5a09 ) , 8.94 ,(cm/s)
	行 10827: @@@ User Speed is :( 5a09 ) , 8.94 ,(cm/s)
	行 10850: @@@ User Speed is :( 5a09 ) , 12.65 ,(cm/s)
	行 10873: @@@ User Speed is :( 5a09 ) , 14.42 ,(cm/s)
	行 10896: @@@ User Speed is :( 5a09 ) , 12.65 ,(cm/s)
	行 10919: @@@ User Speed is :( 5a09 ) , 25.61 ,(cm/s)
	行 10942: @@@ User Speed is :( 5a09 ) , 17.89 ,(cm/s)
	行 10965: @@@ User Speed is :( 5a09 ) , 8.94 ,(cm/s)
	行 10988: @@@ User Speed is :( 5a09 ) , 16.49 ,(cm/s)
	行 11011: @@@ User Speed is :( 5a09 ) , 25.30 ,(cm/s)
	行 11034: @@@ User Speed is :( 5a09 ) , 17.89 ,(cm/s)
	行 11057: @@@ User Speed is :( 5a09 ) , 11.31 ,(cm/s)
	行 11080: @@@ User Speed is :( 5a09 ) , 4.00 ,(cm/s)
	行 11103: @@@ User Speed is :( 5a09 ) , 16.49 ,(cm/s)
	行 11126: @@@ User Speed is :( 5a09 ) , 8.94 ,(cm/s)
	行 11149: @@@ User Speed is :( 5a09 ) , 20.00 ,(cm/s)
	行 11172: @@@ User Speed is :( 5a09 ) , 20.00 ,(cm/s)
	行 11195: @@@ User Speed is :( 5a09 ) , 32.25 ,(cm/s)
	行 11218: @@@ User Speed is :( 5a09 ) , 4.00 ,(cm/s)
	行 11241: @@@ User Speed is :( 5a09 ) , 28.00 ,(cm/s)
	行 11264: @@@ User Speed is :( 5a09 ) , 40.79 ,(cm/s)
	行 11287: @@@ User Speed is :( 5a09 ) , 0 ,(cm/s)
	行 11310: @@@ User Speed is :( 5a09 ) , 14.42 ,(cm/s)
	行 11333: @@@ User Speed is :( 5a09 ) , 16.49 ,(cm/s)
	行 11356: @@@ User Speed is :( 5a09 ) , 30.46 ,(cm/s)
	行 11379: @@@ User Speed is :( 5a09 ) , 16.00 ,(cm/s)
	行 11402: @@@ User Speed is :( 5a09 ) , 12.65 ,(cm/s)
	行 11425: @@@ User Speed is :( 5a09 ) , 8.00 ,(cm/s)
	行 11448: @@@ User Speed is :( 5a09 ) , 17.89 ,(cm/s)
	行 11471: @@@ User Speed is :( 5a09 ) , 16.49 ,(cm/s)
	行 11494: @@@ User Speed is :( 5a09 ) , 12.00 ,(cm/s)
	行 11517: @@@ User Speed is :( 5a09 ) , 28.28 ,(cm/s)
	行 11540: @@@ User Speed is :( 5a09 ) , 8.94 ,(cm/s)
	行 11563: @@@ User Speed is :( 5a09 ) , 8.94 ,(cm/s)
	行 11586: @@@ User Speed is :( 5a09 ) , 23.32 ,(cm/s)
	行 11609: @@@ User Speed is :( 5a09 ) , 5.66 ,(cm/s)
	行 11632: @@@ User Speed is :( 5a09 ) , 11.31 ,(cm/s)
	行 11655: @@@ User Speed is :( 5a09 ) , 16.97 ,(cm/s)
	行 11678: @@@ User Speed is :( 5a09 ) , 25.61 ,(cm/s)
	行 11701: @@@ User Speed is :( 5a09 ) , 25.61 ,(cm/s)
	行 11724: @@@ User Speed is :( 5a09 ) , 11.31 ,(cm/s)
	行 11747: @@@ User Speed is :( 5a09 ) , 16.97 ,(cm/s)
	行 11770: @@@ User Speed is :( 5a09 ) , 11.31 ,(cm/s)
	行 11793: @@@ User Speed is :( 5a09 ) , 0 ,(cm/s)
	行 11816: @@@ User Speed is :( 5a09 ) , 5.66 ,(cm/s)
	行 11839: @@@ User Speed is :( 5a09 ) , 8.94 ,(cm/s)
	行 11862: @@@ User Speed is :( 5a09 ) , 16.49 ,(cm/s)
	行 11885: @@@ User Speed is :( 5a09 ) , 4.00 ,(cm/s)
	行 11908: @@@ User Speed is :( 5a09 ) , 0 ,(cm/s)
	行 11931: @@@ User Speed is :( 5a09 ) , 8.94 ,(cm/s)
	行 11954: @@@ User Speed is :( 5a09 ) , 21.54 ,(cm/s)
	行 11977: @@@ User Speed is :( 5a09 ) , 25.30 ,(cm/s)
	行 12000: @@@ User Speed is :( 5a09 ) , 4.00 ,(cm/s)
	行 12023: @@@ User Speed is :( 5a09 ) , 4.00 ,(cm/s)
	行 12046: @@@ User Speed is :( 5a09 ) , 28.28 ,(cm/s)
	行 12069: @@@ User Speed is :( 5a09 ) , 4.00 ,(cm/s)
	行 12092: @@@ User Speed is :( 5a09 ) , 20.40 ,(cm/s)
	行 12115: @@@ User Speed is :( 5a09 ) , 5.66 ,(cm/s)
	行 12138: @@@ User Speed is :( 5a09 ) , 8.94 ,(cm/s)
	行 12161: @@@ User Speed is :( 5a09 ) , 20.00 ,(cm/s)
	行 12184: @@@ User Speed is :( 5a09 ) , 8.00 ,(cm/s)
	行 12207: @@@ User Speed is :( 5a09 ) , 4.00 ,(cm/s)
	行 12230: @@@ User Speed is :( 5a09 ) , 8.94 ,(cm/s)
	行 12253: @@@ User Speed is :( 5a09 ) , 5.66 ,(cm/s)
	行 12276: @@@ User Speed is :( 5a09 ) , 8.94 ,(cm/s)
	行 12299: @@@ User Speed is :( 5a09 ) , 0 ,(cm/s)
	行 12322: @@@ User Speed is :( 5a09 ) , 12.65 ,(cm/s)
	行 12345: @@@ User Speed is :( 5a09 ) , 11.31 ,(cm/s)
	行 12368: @@@ User Speed is :( 5a09 ) , 8.94 ,(cm/s)
	行 12391: @@@ User Speed is :( 5a09 ) , 8.94 ,(cm/s)
	行 12414: @@@ User Speed is :( 5a09 ) , 8.94 ,(cm/s)
	行 12437: @@@ User Speed is :( 5a09 ) , 4.00 ,(cm/s)
	行 12460: @@@ User Speed is :( 5a09 ) , 5.66 ,(cm/s)
	行 12483: @@@ User Speed is :( 5a09 ) , 4.00 ,(cm/s)
	行 12506: @@@ User Speed is :( 5a09 ) , 4.00 ,(cm/s)
	行 12529: @@@ User Speed is :( 5a09 ) , 12.65 ,(cm/s)
	行 12552: @@@ User Speed is :( 5a09 ) , 5.66 ,(cm/s)
	行 12575: @@@ User Speed is :( 5a09 ) , 12.65 ,(cm/s)
	行 12598: @@@ User Speed is :( 5a09 ) , 17.89 ,(cm/s)
	行 12621: @@@ User Speed is :( 5a09 ) , 32.98 ,(cm/s)
	行 12644: @@@ User Speed is :( 5a09 ) , 16.49 ,(cm/s)
	行 12667: @@@ User Speed is :( 5a09 ) , 16.00 ,(cm/s)
	行 12690: @@@ User Speed is :( 5a09 ) , 8.94 ,(cm/s)
	行 12713: @@@ User Speed is :( 5a09 ) , 8.00 ,(cm/s)
	行 12736: @@@ User Speed is :( 5a09 ) , 26.83 ,(cm/s)
	行 12759: @@@ User Speed is :( 5a09 ) , 22.63 ,(cm/s)
	行 12782: @@@ User Speed is :( 5a09 ) , 11.31 ,(cm/s)
	行 12805: @@@ User Speed is :( 5a09 ) , 0 ,(cm/s)
	行 12828: @@@ User Speed is :( 5a09 ) , 4.00 ,(cm/s)
	行 12851: @@@ User Speed is :( 5a09 ) , 14.42 ,(cm/s)
	行 12874: @@@ User Speed is :( 5a09 ) , 11.31 ,(cm/s)
	行 12897: @@@ User Speed is :( 5a09 ) , 8.00 ,(cm/s)
	行 12920: @@@ User Speed is :( 5a09 ) , 0 ,(cm/s)
	行 12943: @@@ User Speed is :( 5a09 ) , 4.00 ,(cm/s)
	行 12966: @@@ User Speed is :( 5a09 ) , 12.00 ,(cm/s)
	行 12989: @@@ User Speed is :( 5a09 ) , 4.00 ,(cm/s)
	行 13012: @@@ User Speed is :( 5a09 ) , 14.42 ,(cm/s)
	行 13035: @@@ User Speed is :( 5a09 ) , 24.33 ,(cm/s)
	行 13058: @@@ User Speed is :( 5a09 ) , 4.00 ,(cm/s)
	行 13081: @@@ User Speed is :( 5a09 ) , 40.79 ,(cm/s)
	行 13104: @@@ User Speed is :( 5a09 ) , 14.42 ,(cm/s)
	行 13127: @@@ User Speed is :( 5a09 ) , 4.00 ,(cm/s)
	行 13150: @@@ User Speed is :( 5a09 ) , 4.00 ,(cm/s)
	行 13173: @@@ User Speed is :( 5a09 ) , 0 ,(cm/s)
	行 13196: @@@ User Speed is :( 5a09 ) , 4.00 ,(cm/s)
	行 13219: @@@ User Speed is :( 5a09 ) , 20.40 ,(cm/s)
	行 13242: @@@ User Speed is :( 5a09 ) , 12.65 ,(cm/s)
	行 13265: @@@ User Speed is :( 5a09 ) , 12.00 ,(cm/s)
	行 13288: @@@ User Speed is :( 5a09 ) , 16.00 ,(cm/s)
	行 13311: @@@ User Speed is :( 5a09 ) , 16.49 ,(cm/s)
	行 13334: @@@ User Speed is :( 5a09 ) , 20.00 ,(cm/s)
	行 13357: @@@ User Speed is :( 5a09 ) , 4.00 ,(cm/s)
	行 13380: @@@ User Speed is :( 5a09 ) , 12.65 ,(cm/s)
	行 13403: @@@ User Speed is :( 5a09 ) , 12.00 ,(cm/s)
	行 13426: @@@ User Speed is :( 5a09 ) , 20.40 ,(cm/s)
	行 13449: @@@ User Speed is :( 5a09 ) , 12.00 ,(cm/s)
	行 13472: @@@ User Speed is :( 5a09 ) , 23.32 ,(cm/s)
	行 13495: @@@ User Speed is :( 5a09 ) , 20.40 ,(cm/s)
	行 13518: @@@ User Speed is :( 5a09 ) , 4.00 ,(cm/s)
	行 13541: @@@ User Speed is :( 5a09 ) , 8.94 ,(cm/s)
	行 13564: @@@ User Speed is :( 5a09 ) , 5.66 ,(cm/s)
	行 13587: @@@ User Speed is :( 5a09 ) , 11.31 ,(cm/s)
	行 13610: @@@ User Speed is :( 5a09 ) , 5.66 ,(cm/s)
	行 13633: @@@ User Speed is :( 5a09 ) , 0 ,(cm/s)
	行 13656: @@@ User Speed is :( 5a09 ) , 20.40 ,(cm/s)
	行 13679: @@@ User Speed is :( 5a09 ) , 8.00 ,(cm/s)
	行 13702: @@@ User Speed is :( 5a09 ) , 8.94 ,(cm/s)
	行 13725: @@@ User Speed is :( 5a09 ) , 4.00 ,(cm/s)
	行 13748: @@@ User Speed is :( 5a09 ) , 17.89 ,(cm/s)
	行 13771: @@@ User Speed is :( 5a09 ) , 8.94 ,(cm/s)
	行 13794: @@@ User Speed is :( 5a09 ) , 4.00 ,(cm/s)
	行 13817: @@@ User Speed is :( 5a09 ) , 8.00 ,(cm/s)
	行 13840: @@@ User Speed is :( 5a09 ) , 4.00 ,(cm/s)
	行 13863: @@@ User Speed is :( 5a09 ) , 8.94 ,(cm/s)
	行 13886: @@@ User Speed is :( 5a09 ) , 8.94 ,(cm/s)
	行 13909: @@@ User Speed is :( 5a09 ) , 4.00 ,(cm/s)
	行 13932: @@@ User Speed is :( 5a09 ) , 5.66 ,(cm/s)
	行 13955: @@@ User Speed is :( 5a09 ) , 8.00 ,(cm/s)
	行 13978: @@@ User Speed is :( 5a09 ) , 20.00 ,(cm/s)
	行 14001: @@@ User Speed is :( 5a09 ) , 16.49 ,(cm/s)
	行 14024: @@@ User Speed is :( 5a09 ) , 20.00 ,(cm/s)
	行 14047: @@@ User Speed is :( 5a09 ) , 5.66 ,(cm/s)
	行 14070: @@@ User Speed is :( 5a09 ) , 5.66 ,(cm/s)
	行 14093: @@@ User Speed is :( 5a09 ) , 12.65 ,(cm/s)
	行 14116: @@@ User Speed is :( 5a09 ) , 12.65 ,(cm/s)
	行 14139: @@@ User Speed is :( 5a09 ) , 17.89 ,(cm/s)
	行 14162: @@@ User Speed is :( 5a09 ) , 12.65 ,(cm/s)
	行 14185: @@@ User Speed is :( 5a09 ) , 11.31 ,(cm/s)
	行 14208: @@@ User Speed is :( 5a09 ) , 11.31 ,(cm/s)
	行 14231: @@@ User Speed is :( 5a09 ) , 16.49 ,(cm/s)
	行 14254: @@@ User Speed is :( 5a09 ) , 11.31 ,(cm/s)
	行 14277: @@@ User Speed is :( 5a09 ) , 12.65 ,(cm/s)
	行 14300: @@@ User Speed is :( 5a09 ) , 8.94 ,(cm/s)
	行 14323: @@@ User Speed is :( 5a09 ) , 8.94 ,(cm/s)
	行 14346: @@@ User Speed is :( 5a09 ) , 4.00 ,(cm/s)
	行 14369: @@@ User Speed is :( 5a09 ) , 8.94 ,(cm/s)
	行 14392: @@@ User Speed is :( 5a09 ) , 0 ,(cm/s)
	行 14415: @@@ User Speed is :( 5a09 ) , 12.00 ,(cm/s)
	行 14438: @@@ User Speed is :( 5a09 ) , 8.94 ,(cm/s)
	行 14461: @@@ User Speed is :( 5a09 ) , 4.00 ,(cm/s)
	行 14484: @@@ User Speed is :( 5a09 ) , 8.00 ,(cm/s)
	行 14507: @@@ User Speed is :( 5a09 ) , 20.40 ,(cm/s)
	行 14530: @@@ User Speed is :( 5a09 ) , 12.65 ,(cm/s)
	行 14553: @@@ User Speed is :( 5a09 ) , 12.65 ,(cm/s)
	行 14576: @@@ User Speed is :( 5a09 ) , 0 ,(cm/s)
	行 14599: @@@ User Speed is :( 5a09 ) , 8.94 ,(cm/s)
	行 14622: @@@ User Speed is :( 5a09 ) , 8.00 ,(cm/s)
	行 14645: @@@ User Speed is :( 5a09 ) , 0 ,(cm/s)
	行 14668: @@@ User Speed is :( 5a09 ) , 0 ,(cm/s)
	行 14691: @@@ User Speed is :( 5a09 ) , 8.00 ,(cm/s)
	行 14714: @@@ User Speed is :( 5a09 ) , 8.00 ,(cm/s)
	行 14737: @@@ User Speed is :( 5a09 ) , 20.40 ,(cm/s)
	行 14760: @@@ User Speed is :( 5a09 ) , 12.65 ,(cm/s)
	行 14783: @@@ User Speed is :( 5a09 ) , 5.66 ,(cm/s)
	行 14806: @@@ User Speed is :( 5a09 ) , 0 ,(cm/s)
	行 14829: @@@ User Speed is :( 5a09 ) , 0 ,(cm/s)
	行 14852: @@@ User Speed is :( 5a09 ) , 12.00 ,(cm/s)
	行 14875: @@@ User Speed is :( 5a09 ) , 12.00 ,(cm/s)
	行 14898: @@@ User Speed is :( 5a09 ) , 32.25 ,(cm/s)
	行 14921: @@@ User Speed is :( 5a09 ) , 8.00 ,(cm/s)
	行 14944: @@@ User Speed is :( 5a09 ) , 14.42 ,(cm/s)
	行 14967: @@@ User Speed is :( 5a09 ) , 5.66 ,(cm/s)
	行 14990: @@@ User Speed is :( 5a09 ) , 14.42 ,(cm/s)
	行 15013: @@@ User Speed is :( 5a09 ) , 5.66 ,(cm/s)
	行 15036: @@@ User Speed is :( 5a09 ) , 14.42 ,(cm/s)
	行 15059: @@@ User Speed is :( 5a09 ) , 8.00 ,(cm/s)
	行 15082: @@@ User Speed is :( 5a09 ) , 5.66 ,(cm/s)