0,Speed,0
	行    50: @@@ User Speed is :( faf2 ) , 6 ,(cm/s)
	行    84: @@@ User Speed is :( faf2 ) , 8 ,(cm/s)
	行   118: @@@ User Speed is :( faf2 ) , 22 ,(cm/s)
	行   164: @@@ User Speed is :( faf2 ) , 16 ,(cm/s)
	行   197: @@@ User Speed is :( faf2 ) , 6 ,(cm/s)
	行   235: @@@ User Speed is :( faf2 ) , 26 ,(cm/s)
	行   270: @@@ User Speed is :( faf2 ) , 18 ,(cm/s)
	行   348: @@@ User Speed is :( faf2 ) , 26 ,(cm/s)
	行   381: @@@ User Speed is :( faf2 ) , 4 ,(cm/s)
	行   416: @@@ User Speed is :( faf2 ) , 43 ,(cm/s)
	行   449: @@@ User Speed is :( faf2 ) , 23 ,(cm/s)
	行   482: @@@ User Speed is :( faf2 ) , 58 ,(cm/s)
	行   551: @@@ User Speed is :( faf2 ) , 24 ,(cm/s)
	行   587: @@@ User Speed is :( faf2 ) , 64 ,(cm/s)
	行   624: @@@ User Speed is :( faf2 ) , 29 ,(cm/s)
	行   661: @@@ User Speed is :( faf2 ) , 39 ,(cm/s)
	行   688: @@@ User Speed is :( faf2 ) , 22 ,(cm/s)
	行   725: @@@ User Speed is :( faf2 ) , 31 ,(cm/s)
	行   762: @@@ User Speed is :( faf2 ) , 3 ,(cm/s)
	行   797: @@@ User Speed is :( faf2 ) , 8 ,(cm/s)
	行   832: @@@ User Speed is :( faf2 ) , 18 ,(cm/s)
	行   915: @@@ User Speed is :( faf2 ) , 55 ,(cm/s)
	行   948: @@@ User Speed is :( faf2 ) , 15 ,(cm/s)
	行   985: @@@ User Speed is :( faf2 ) , 22 ,(cm/s)
	行  1021: @@@ User Speed is :( faf2 ) , 33 ,(cm/s)
	行  1058: @@@ User Speed is :( faf2 ) , 36 ,(cm/s)
	行  1095: @@@ User Speed is :( faf2 ) , 24 ,(cm/s)
	行  1131: @@@ User Speed is :( faf2 ) , 37 ,(cm/s)
	行  1176: @@@ User Speed is :( faf2 ) , 41 ,(cm/s)
	行  1212: @@@ User Speed is :( faf2 ) , 43 ,(cm/s)
	行  1248: @@@ User Speed is :( faf2 ) , 37 ,(cm/s)
	行  1283: @@@ User Speed is :( faf2 ) , 18 ,(cm/s)
	行  1317: @@@ User Speed is :( faf2 ) , 19 ,(cm/s)
	行  1354: @@@ User Speed is :( faf2 ) , 31 ,(cm/s)
	行  1390: @@@ User Speed is :( faf2 ) , 50 ,(cm/s)
	行  1416: @@@ User Speed is :( faf2 ) , 29 ,(cm/s)
	行  1451: @@@ User Speed is :( faf2 ) , 30 ,(cm/s)
	行  1485: @@@ User Speed is :( faf2 ) , 33 ,(cm/s)
	行  1519: @@@ User Speed is :( faf2 ) , 47 ,(cm/s)
	行  1552: @@@ User Speed is :( faf2 ) , 26 ,(cm/s)
	行  1587: @@@ User Speed is :( faf2 ) , 31 ,(cm/s)
	行  1620: @@@ User Speed is :( faf2 ) , 18 ,(cm/s)
	行  1666: @@@ User Speed is :( faf2 ) , 12 ,(cm/s)
	行  1699: @@@ User Speed is :( faf2 ) , 41 ,(cm/s)
	行  1737: @@@ User Speed is :( faf2 ) , 36 ,(cm/s)
	行  1771: @@@ User Speed is :( faf2 ) , 43 ,(cm/s)
	行  1815: @@@ User Speed is :( faf2 ) , 56 ,(cm/s)
	行  1851: @@@ User Speed is :( faf2 ) , 12 ,(cm/s)
	行  1888: @@@ User Speed is :( faf2 ) , 61 ,(cm/s)
	行  1923: @@@ User Speed is :( faf2 ) , 24 ,(cm/s)
	行  1958: @@@ User Speed is :( faf2 ) , 19 ,(cm/s)
	行  1985: @@@ User Speed is :( faf2 ) , 52 ,(cm/s)
	行  2032: @@@ User Speed is :( faf2 ) , 67 ,(cm/s)
	行  2058: @@@ User Speed is :( faf2 ) , 21 ,(cm/s)
	行  2092: @@@ User Speed is :( faf2 ) , 39 ,(cm/s)
	行  2127: @@@ User Speed is :( faf2 ) , 34 ,(cm/s)
	行  2161: @@@ User Speed is :( faf2 ) , 41 ,(cm/s)
	行  2194: @@@ User Speed is :( faf2 ) , 52 ,(cm/s)
	行  2227: @@@ User Speed is :( faf2 ) , 9 ,(cm/s)
	行  2261: @@@ User Speed is :( faf2 ) , 38 ,(cm/s)
	行  2295: @@@ User Speed is :( faf2 ) , 61 ,(cm/s)
	行  2329: @@@ User Speed is :( faf2 ) , 52 ,(cm/s)
	行  2372: @@@ User Speed is :( faf2 ) , 67 ,(cm/s)
	行  2449: @@@ User Speed is :( faf2 ) , 58 ,(cm/s)
	行  2485: @@@ User Speed is :( faf2 ) , 29 ,(cm/s)
	行  2519: @@@ User Speed is :( faf2 ) , 150 ,(cm/s)
	行  2552: @@@ User Speed is :( faf2 ) , 74 ,(cm/s)
	行  2586: @@@ User Speed is :( faf2 ) , 45 ,(cm/s)
	行  2611: @@@ User Speed is :( faf2 ) , 43 ,(cm/s)
	行  2646: @@@ User Speed is :( faf2 ) , 38 ,(cm/s)
	行  2681: @@@ User Speed is :( faf2 ) , 33 ,(cm/s)
	行  2715: @@@ User Speed is :( faf2 ) , 13 ,(cm/s)
	行  2749: @@@ User Speed is :( faf2 ) , 4 ,(cm/s)
	行  2784: @@@ User Speed is :( faf2 ) , 17 ,(cm/s)
	行  2818: @@@ User Speed is :( faf2 ) , 32 ,(cm/s)
	行  2861: @@@ User Speed is :( faf2 ) , 62 ,(cm/s)
	行  2895: @@@ User Speed is :( faf2 ) , 73 ,(cm/s)
	行  2928: @@@ User Speed is :( faf2 ) , 59 ,(cm/s)
	行  2962: @@@ User Speed is :( faf2 ) , 12 ,(cm/s)
	行  2995: @@@ User Speed is :( faf2 ) , 41 ,(cm/s)
	行  3029: @@@ User Speed is :( faf2 ) , 70 ,(cm/s)
	行  3054: @@@ User Speed is :( faf2 ) , 68 ,(cm/s)
	行  3089: @@@ User Speed is :( faf2 ) , 41 ,(cm/s)
	行  3123: @@@ User Speed is :( faf2 ) , 27 ,(cm/s)
	行  3157: @@@ User Speed is :( faf2 ) , 24 ,(cm/s)
	行  3203: @@@ User Speed is :( faf2 ) , 50 ,(cm/s)
	行  3236: @@@ User Speed is :( faf2 ) , 25 ,(cm/s)
	行  3273: @@@ User Speed is :( faf2 ) , 11 ,(cm/s)
	行  3308: @@@ User Speed is :( faf2 ) , 63 ,(cm/s)
	行  3352: @@@ User Speed is :( faf2 ) , 88 ,(cm/s)
	行  3386: @@@ User Speed is :( faf2 ) , 93 ,(cm/s)
	行  3443: @@@ User Speed is :( faf2 ) , 24 ,(cm/s)
	行  3509: @@@ User Speed is :( faf2 ) , 69 ,(cm/s)
	行  3534: @@@ User Speed is :( faf2 ) , 55 ,(cm/s)
	行  3569: @@@ User Speed is :( faf2 ) , 58 ,(cm/s)
	行  3603: @@@ User Speed is :( faf2 ) , 35 ,(cm/s)
	行  3638: @@@ User Speed is :( faf2 ) , 40 ,(cm/s)
	行  3672: @@@ User Speed is :( faf2 ) , 5 ,(cm/s)
	行  3706: @@@ User Speed is :( faf2 ) , 29 ,(cm/s)
	行  3741: @@@ User Speed is :( faf2 ) , 38 ,(cm/s)
	行  3775: @@@ User Speed is :( faf2 ) , 35 ,(cm/s)
	行  3809: @@@ User Speed is :( faf2 ) , 43 ,(cm/s)
	行  3852: @@@ User Speed is :( faf2 ) , 69 ,(cm/s)
	行  3885: @@@ User Speed is :( faf2 ) , 18 ,(cm/s)
	行  3932: @@@ User Speed is :( faf2 ) , 6 ,(cm/s)
	行  3992: @@@ User Speed is :( faf2 ) , 45 ,(cm/s)
	行  4027: @@@ User Speed is :( faf2 ) , 56 ,(cm/s)
	行  4061: @@@ User Speed is :( faf2 ) , 34 ,(cm/s)
	行  4096: @@@ User Speed is :( faf2 ) , 19 ,(cm/s)
	行  4131: @@@ User Speed is :( faf2 ) , 32 ,(cm/s)
	行  4164: @@@ User Speed is :( faf2 ) , 24 ,(cm/s)
	行  4199: @@@ User Speed is :( faf2 ) , 26 ,(cm/s)
	行  4233: @@@ User Speed is :( faf2 ) , 81 ,(cm/s)
	行  4276: @@@ User Speed is :( faf2 ) , 73 ,(cm/s)
	行  4310: @@@ User Speed is :( faf2 ) , 102 ,(cm/s)
	行  4344: @@@ User Speed is :( faf2 ) , 65 ,(cm/s)
	行  4377: @@@ User Speed is :( faf2 ) , 35 ,(cm/s)
	行  4411: @@@ User Speed is :( faf2 ) , 37 ,(cm/s)
	行  4444: @@@ User Speed is :( faf2 ) , 33 ,(cm/s)
	行  4477: @@@ User Speed is :( faf2 ) , 88 ,(cm/s)
	行  4512: @@@ User Speed is :( faf2 ) , 52 ,(cm/s)
	行  4546: @@@ User Speed is :( faf2 ) , 40 ,(cm/s)
	行  4579: @@@ User Speed is :( faf2 ) , 38 ,(cm/s)
	行  4614: @@@ User Speed is :( faf2 ) , 23 ,(cm/s)
	行  4639: @@@ User Speed is :( faf2 ) , 50 ,(cm/s)
	行  4686: @@@ User Speed is :( faf2 ) , 48 ,(cm/s)
	行  4729: @@@ User Speed is :( faf2 ) , 40 ,(cm/s)
	行  4757: @@@ User Speed is :( faf2 ) , 12 ,(cm/s)
	行  4791: @@@ User Speed is :( faf2 ) , 37 ,(cm/s)
	行  4825: @@@ User Speed is :( faf2 ) , 40 ,(cm/s)
	行  4859: @@@ User Speed is :( faf2 ) , 54 ,(cm/s)
	行  4902: @@@ User Speed is :( faf2 ) , 103 ,(cm/s)
	行  4935: @@@ User Speed is :( faf2 ) , 117 ,(cm/s)
	行  4968: @@@ User Speed is :( faf2 ) , 127 ,(cm/s)
	行  5001: @@@ User Speed is :( faf2 ) , 50 ,(cm/s)
	行  5035: @@@ User Speed is :( faf2 ) , 34 ,(cm/s)
	行  5069: @@@ User Speed is :( faf2 ) , 98 ,(cm/s)
	行  5102: @@@ User Speed is :( faf2 ) , 19 ,(cm/s)
	行  5135: @@@ User Speed is :( faf2 ) , 119 ,(cm/s)
	行  5169: @@@ User Speed is :( faf2 ) , 57 ,(cm/s)
	行  5203: @@@ User Speed is :( faf2 ) , 57 ,(cm/s)
	行  5238: @@@ User Speed is :( faf2 ) , 55 ,(cm/s)
	行  5263: @@@ User Speed is :( faf2 ) , 2 ,(cm/s)
	行  5308: @@@ User Speed is :( faf2 ) , 7 ,(cm/s)
	行  5344: @@@ User Speed is :( faf2 ) , 36 ,(cm/s)
	行  5377: @@@ User Speed is :( faf2 ) , 41 ,(cm/s)
	行  5423: @@@ User Speed is :( faf2 ) , 106 ,(cm/s)
	行  5456: @@@ User Speed is :( faf2 ) , 80 ,(cm/s)
	行  5492: @@@ User Speed is :( faf2 ) , 44 ,(cm/s)
	行  5525: @@@ User Speed is :( faf2 ) , 62 ,(cm/s)
	行  5559: @@@ User Speed is :( faf2 ) , 91 ,(cm/s)
	行  5593: @@@ User Speed is :( faf2 ) , 10 ,(cm/s)
	行  5626: @@@ User Speed is :( faf2 ) , 45 ,(cm/s)
	行  5659: @@@ User Speed is :( faf2 ) , 36 ,(cm/s)
	行  5693: @@@ User Speed is :( faf2 ) , 59 ,(cm/s)
	行  5727: @@@ User Speed is :( faf2 ) , 48 ,(cm/s)
	行  5762: @@@ User Speed is :( faf2 ) , 32 ,(cm/s)
	行  5787: @@@ User Speed is :( faf2 ) , 18 ,(cm/s)
	行  5822: @@@ User Speed is :( faf2 ) , 5 ,(cm/s)
	行  5856: @@@ User Speed is :( faf2 ) , 5 ,(cm/s)
	行  5890: @@@ User Speed is :( faf2 ) , 12 ,(cm/s)
	行  5961: @@@ User Speed is :( faf2 ) , 10 ,(cm/s)
	行  5990: @@@ User Speed is :( faf2 ) , 30 ,(cm/s)
	行  6032: @@@ User Speed is :( faf2 ) , 46 ,(cm/s)
	行  6065: @@@ User Speed is :( faf2 ) , 83 ,(cm/s)
	行  6097: @@@ User Speed is :( faf2 ) , 52 ,(cm/s)
	行  6129: @@@ User Speed is :( faf2 ) , 34 ,(cm/s)
	行  6173: @@@ User Speed is :( faf2 ) , 26 ,(cm/s)
	行  6204: @@@ User Speed is :( faf2 ) , 60 ,(cm/s)
	行  6240: @@@ User Speed is :( faf2 ) , 65 ,(cm/s)
	行  6274: @@@ User Speed is :( faf2 ) , 59 ,(cm/s)
	行  6298: @@@ User Speed is :( faf2 ) , 59 ,(cm/s)
	行  6332: @@@ User Speed is :( faf2 ) , 12 ,(cm/s)
	行  6366: @@@ User Speed is :( faf2 ) , 11 ,(cm/s)
	行  6399: @@@ User Speed is :( faf2 ) , 63 ,(cm/s)
	行  6440: @@@ User Speed is :( faf2 ) , 99 ,(cm/s)
	行  6472: @@@ User Speed is :( faf2 ) , 77 ,(cm/s)
	行  6504: @@@ User Speed is :( faf2 ) , 78 ,(cm/s)
	行  6536: @@@ User Speed is :( faf2 ) , 29 ,(cm/s)
	行  6568: @@@ User Speed is :( faf2 ) , 69 ,(cm/s)
	行  6600: @@@ User Speed is :( faf2 ) , 80 ,(cm/s)
	行  6632: @@@ User Speed is :( faf2 ) , 52 ,(cm/s)
	行  6665: @@@ User Speed is :( faf2 ) , 72 ,(cm/s)
	行  6689: @@@ User Speed is :( faf2 ) , 53 ,(cm/s)
	行  6723: @@@ User Speed is :( faf2 ) , 33 ,(cm/s)
	行  6757: @@@ User Speed is :( faf2 ) , 15 ,(cm/s)
	行  6791: @@@ User Speed is :( faf2 ) , 22 ,(cm/s)
	行  6824: @@@ User Speed is :( faf2 ) , 5 ,(cm/s)
	行  6909: @@@ User Speed is :( faf2 ) , 49 ,(cm/s)
	行  6945: @@@ User Speed is :( faf2 ) , 83 ,(cm/s)
	行  6978: @@@ User Speed is :( faf2 ) , 53 ,(cm/s)
	行  7010: @@@ User Speed is :( faf2 ) , 62 ,(cm/s)
	行  7074: @@@ User Speed is :( faf2 ) , 20 ,(cm/s)
	行  7106: @@@ User Speed is :( faf2 ) , 43 ,(cm/s)
	行  7138: @@@ User Speed is :( faf2 ) , 54 ,(cm/s)
	行  7170: @@@ User Speed is :( faf2 ) , 70 ,(cm/s)
	行  7203: @@@ User Speed is :( faf2 ) , 42 ,(cm/s)
	行  7227: @@@ User Speed is :( faf2 ) , 37 ,(cm/s)
	行  7261: @@@ User Speed is :( faf2 ) , 40 ,(cm/s)
	行  7295: @@@ User Speed is :( faf2 ) , 30 ,(cm/s)
	行  7329: @@@ User Speed is :( faf2 ) , 44 ,(cm/s)
	行  7362: @@@ User Speed is :( faf2 ) , 31 ,(cm/s)
	行  7396: @@@ User Speed is :( faf2 ) , 13 ,(cm/s)
	行  7429: @@@ User Speed is :( faf2 ) , 37 ,(cm/s)
	行  7472: @@@ User Speed is :( faf2 ) , 90 ,(cm/s)
	行  7505: @@@ User Speed is :( faf2 ) , 85 ,(cm/s)
	行  7538: @@@ User Speed is :( faf2 ) , 70 ,(cm/s)
	行  7614: @@@ User Speed is :( faf2 ) , 31 ,(cm/s)
	行  7650: @@@ User Speed is :( faf2 ) , 53 ,(cm/s)
	行  7684: @@@ User Speed is :( faf2 ) , 60 ,(cm/s)
	行  7718: @@@ User Speed is :( faf2 ) , 35 ,(cm/s)
	行  7742: @@@ User Speed is :( faf2 ) , 35 ,(cm/s)
	行  7776: @@@ User Speed is :( faf2 ) , 35 ,(cm/s)
	行  7809: @@@ User Speed is :( faf2 ) , 37 ,(cm/s)
	行  7843: @@@ User Speed is :( faf2 ) , 21 ,(cm/s)
	行  7876: @@@ User Speed is :( faf2 ) , 11 ,(cm/s)
	行  7909: @@@ User Speed is :( faf2 ) , 37 ,(cm/s)
	行  7943: @@@ User Speed is :( faf2 ) , 39 ,(cm/s)
	行  7985: @@@ User Speed is :( faf2 ) , 23 ,(cm/s)
	行  8009: @@@ User Speed is :( faf2 ) , 14 ,(cm/s)
	行  8052: @@@ User Speed is :( faf2 ) , 8 ,(cm/s)
	行  8086: @@@ User Speed is :( faf2 ) , 38 ,(cm/s)
	行  8118: @@@ User Speed is :( faf2 ) , 3 ,(cm/s)
	行  8151: @@@ User Speed is :( faf2 ) , 9 ,(cm/s)
	行  8185: @@@ User Speed is :( faf2 ) , 13 ,(cm/s)
	行  8218: @@@ User Speed is :( faf2 ) , 8 ,(cm/s)
	行  8250: @@@ User Speed is :( faf2 ) , 10 ,(cm/s)
	行  8295: @@@ User Speed is :( faf2 ) , 24 ,(cm/s)
	行  8327: @@@ User Speed is :( faf2 ) , 28 ,(cm/s)
	行  8362: @@@ User Speed is :( faf2 ) , 15 ,(cm/s)
	行  8394: @@@ User Speed is :( faf2 ) , 19 ,(cm/s)
	行  8427: @@@ User Speed is :( faf2 ) , 15 ,(cm/s)
	行  8459: @@@ User Speed is :( faf2 ) , 51 ,(cm/s)
	行  8490: @@@ User Speed is :( faf2 ) , 50 ,(cm/s)
	行  8549: @@@ User Speed is :( faf2 ) , 63 ,(cm/s)
	行  8582: @@@ User Speed is :( faf2 ) , 51 ,(cm/s)
	行  8615: @@@ User Speed is :( faf2 ) , 30 ,(cm/s)
	行  8649: @@@ User Speed is :( faf2 ) , 54 ,(cm/s)
	行  8682: @@@ User Speed is :( faf2 ) , 50 ,(cm/s)
	行  8715: @@@ User Speed is :( faf2 ) , 31 ,(cm/s)
	行  8749: @@@ User Speed is :( faf2 ) , 55 ,(cm/s)
	行  8773: @@@ User Speed is :( faf2 ) , 65 ,(cm/s)
	行  8807: @@@ User Speed is :( faf2 ) , 36 ,(cm/s)
	行  8841: @@@ User Speed is :( faf2 ) , 29 ,(cm/s)
	行  8875: @@@ User Speed is :( faf2 ) , 24 ,(cm/s)
	行  8906: @@@ User Speed is :( faf2 ) , 10 ,(cm/s)
	行  8940: @@@ User Speed is :( faf2 ) , 36 ,(cm/s)
	行  8996: @@@ User Speed is :( faf2 ) , 83 ,(cm/s)
	行  9029: @@@ User Speed is :( faf2 ) , 69 ,(cm/s)
	行  9066: @@@ User Speed is :( faf2 ) , 62 ,(cm/s)
	行  9099: @@@ User Speed is :( faf2 ) , 65 ,(cm/s)
	行  9132: @@@ User Speed is :( faf2 ) , 37 ,(cm/s)
	行  9166: @@@ User Speed is :( faf2 ) , 66 ,(cm/s)
	行  9201: @@@ User Speed is :( faf2 ) , 69 ,(cm/s)
	行  9235: @@@ User Speed is :( faf2 ) , 25 ,(cm/s)
	行  9267: @@@ User Speed is :( faf2 ) , 37 ,(cm/s)
	行  9300: @@@ User Speed is :( faf2 ) , 55 ,(cm/s)
	行  9334: @@@ User Speed is :( faf2 ) , 38 ,(cm/s)
	行  9369: @@@ User Speed is :( faf2 ) , 14 ,(cm/s)
	行  9403: @@@ User Speed is :( faf2 ) , 34 ,(cm/s)
	行  9427: @@@ User Speed is :( faf2 ) , 39 ,(cm/s)
	行  9472: @@@ User Speed is :( faf2 ) , 50 ,(cm/s)
	行  9505: @@@ User Speed is :( faf2 ) , 35 ,(cm/s)
	行  9542: @@@ User Speed is :( faf2 ) , 32 ,(cm/s)
	行  9576: @@@ User Speed is :( faf2 ) , 38 ,(cm/s)
	行  9609: @@@ User Speed is :( faf2 ) , 4 ,(cm/s)
	行  9643: @@@ User Speed is :( faf2 ) , 6 ,(cm/s)
	行  9677: @@@ User Speed is :( faf2 ) , 19 ,(cm/s)
	行  9711: @@@ User Speed is :( faf2 ) , 18 ,(cm/s)
	行  9757: @@@ User Speed is :( faf2 ) , 12 ,(cm/s)
	行  9790: @@@ User Speed is :( faf2 ) , 11 ,(cm/s)
	行  9827: @@@ User Speed is :( faf2 ) , 40 ,(cm/s)
	行  9861: @@@ User Speed is :( faf2 ) , 47 ,(cm/s)
	行  9905: @@@ User Speed is :( faf2 ) , 41 ,(cm/s)
	行  9939: @@@ User Speed is :( faf2 ) , 29 ,(cm/s)
	行  9973: @@@ User Speed is :( faf2 ) , 22 ,(cm/s)
	行 10006: @@@ User Speed is :( faf2 ) , 12 ,(cm/s)
	行 10039: @@@ User Speed is :( faf2 ) , 7 ,(cm/s)
	行 10073: @@@ User Speed is :( faf2 ) , 41 ,(cm/s)
	行 10097: @@@ User Speed is :( faf2 ) , 47 ,(cm/s)
	行 10131: @@@ User Speed is :( faf2 ) , 32 ,(cm/s)
	行 10165: @@@ User Speed is :( faf2 ) , 20 ,(cm/s)
	行 10199: @@@ User Speed is :( faf2 ) , 22 ,(cm/s)
	行 10233: @@@ User Speed is :( faf2 ) , 33 ,(cm/s)
	行 10267: @@@ User Speed is :( faf2 ) , 24 ,(cm/s)
	行 10301: @@@ User Speed is :( faf2 ) , 3 ,(cm/s)
	行 10335: @@@ User Speed is :( faf2 ) , 45 ,(cm/s)
	行 10379: @@@ User Speed is :( faf2 ) , 98 ,(cm/s)
	行 10412: @@@ User Speed is :( faf2 ) , 90 ,(cm/s)
	行 10444: @@@ User Speed is :( faf2 ) , 60 ,(cm/s)
	行 10474: @@@ User Speed is :( faf2 ) , 34 ,(cm/s)
	行 10539: @@@ User Speed is :( faf2 ) , 36 ,(cm/s)
	行 10571: @@@ User Speed is :( faf2 ) , 91 ,(cm/s)
	行 10607: @@@ User Speed is :( faf2 ) , 78 ,(cm/s)
	行 10639: @@@ User Speed is :( faf2 ) , 84 ,(cm/s)
	行 10663: @@@ User Speed is :( faf2 ) , 82 ,(cm/s)
	行 10706: @@@ User Speed is :( faf2 ) , 66 ,(cm/s)
	行 10739: @@@ User Speed is :( faf2 ) , 12 ,(cm/s)
	行 10773: @@@ User Speed is :( faf2 ) , 55 ,(cm/s)
	行 10797: @@@ User Speed is :( faf2 ) , 91 ,(cm/s)
	行 10831: @@@ User Speed is :( faf2 ) , 14 ,(cm/s)
	行 10875: @@@ User Speed is :( faf2 ) , 25 ,(cm/s)
	行 10974: @@@ User Speed is :( faf2 ) , 28 ,(cm/s)
	行 10998: @@@ User Speed is :( faf2 ) , 98 ,(cm/s)
	行 11032: @@@ User Speed is :( faf2 ) , 24 ,(cm/s)
	行 11076: @@@ User Speed is :( faf2 ) , 64 ,(cm/s)
	行 11109: @@@ User Speed is :( faf2 ) , 81 ,(cm/s)
	行 11142: @@@ User Speed is :( faf2 ) , 37 ,(cm/s)
	行 11166: @@@ User Speed is :( faf2 ) , 62 ,(cm/s)
	行 11200: @@@ User Speed is :( faf2 ) , 85 ,(cm/s)
	行 11234: @@@ User Speed is :( faf2 ) , 31 ,(cm/s)
	行 11290: @@@ User Speed is :( faf2 ) , 46 ,(cm/s)
	行 11322: @@@ User Speed is :( faf2 ) , 123 ,(cm/s)
	行 11358: @@@ User Speed is :( faf2 ) , 55 ,(cm/s)
	行 11390: @@@ User Speed is :( faf2 ) , 46 ,(cm/s)
	行 11422: @@@ User Speed is :( faf2 ) , 84 ,(cm/s)
	行 11446: @@@ User Speed is :( faf2 ) , 39 ,(cm/s)
	行 11489: @@@ User Speed is :( faf2 ) , 80 ,(cm/s)
	行 11544: @@@ User Speed is :( faf2 ) , 39 ,(cm/s)
	行 11578: @@@ User Speed is :( faf2 ) , 35 ,(cm/s)
	行 11602: @@@ User Speed is :( faf2 ) , 62 ,(cm/s)
	行 11646: @@@ User Speed is :( faf2 ) , 89 ,(cm/s)
	行 11679: @@@ User Speed is :( faf2 ) , 99 ,(cm/s)
	行 11711: @@@ User Speed is :( faf2 ) , 31 ,(cm/s)
	行 11743: @@@ User Speed is :( faf2 ) , 96 ,(cm/s)
	行 11767: @@@ User Speed is :( faf2 ) , 96 ,(cm/s)
	行 11801: @@@ User Speed is :( faf2 ) , 52 ,(cm/s)
	行 11875: @@@ User Speed is :( faf2 ) , 59 ,(cm/s)
	行 11906: @@@ User Speed is :( faf2 ) , 54 ,(cm/s)
	行 11940: @@@ User Speed is :( faf2 ) , 110 ,(cm/s)
	行 11964: @@@ User Speed is :( faf2 ) , 66 ,(cm/s)
	行 12020: @@@ User Speed is :( faf2 ) , 29 ,(cm/s)
	行 12043: @@@ User Speed is :( faf2 ) , 88 ,(cm/s)
	行 12121: @@@ User Speed is :( faf2 ) , 29 ,(cm/s)
	行 12154: @@@ User Speed is :( faf2 ) , 75 ,(cm/s)
	行 12191: @@@ User Speed is :( faf2 ) , 72 ,(cm/s)
	行 12234: @@@ User Speed is :( faf2 ) , 28 ,(cm/s)
	行 12270: @@@ User Speed is :( faf2 ) , 52 ,(cm/s)
	行 12300: @@@ User Speed is :( faf2 ) , 66 ,(cm/s)
	行 12331: @@@ User Speed is :( faf2 ) , 14 ,(cm/s)
	行 12355: @@@ User Speed is :( faf2 ) , 70 ,(cm/s)
	行 12389: @@@ User Speed is :( faf2 ) , 76 ,(cm/s)
	行 12423: @@@ User Speed is :( faf2 ) , 57 ,(cm/s)
	行 12465: @@@ User Speed is :( faf2 ) , 50 ,(cm/s)
	行 12495: @@@ User Speed is :( faf2 ) , 44 ,(cm/s)
	行 12520: @@@ User Speed is :( faf2 ) , 83 ,(cm/s)
	行 12554: @@@ User Speed is :( faf2 ) , 8 ,(cm/s)
	行 12597: @@@ User Speed is :( faf2 ) , 87 ,(cm/s)
	行 12630: @@@ User Speed is :( faf2 ) , 29 ,(cm/s)
	行 12654: @@@ User Speed is :( faf2 ) , 26 ,(cm/s)
	行 12698: @@@ User Speed is :( faf2 ) , 99 ,(cm/s)
	行 12722: @@@ User Speed is :( faf2 ) , 38 ,(cm/s)
	行 12778: @@@ User Speed is :( faf2 ) , 170 ,(cm/s)
	行 12810: @@@ User Speed is :( faf2 ) , 270 ,(cm/s)
	行 12846: @@@ User Speed is :( faf2 ) , 236 ,(cm/s)
	行 12879: @@@ User Speed is :( faf2 ) , 84 ,(cm/s)
	行 12912: @@@ User Speed is :( faf2 ) , 224 ,(cm/s)
	行 12946: @@@ User Speed is :( faf2 ) , 264 ,(cm/s)
	行 12980: @@@ User Speed is :( faf2 ) , 103 ,(cm/s)
	行 13014: @@@ User Speed is :( faf2 ) , 36 ,(cm/s)
	行 13048: @@@ User Speed is :( faf2 ) , 37 ,(cm/s)
	行 13113: @@@ User Speed is :( faf2 ) , 253 ,(cm/s)
	行 13168: @@@ User Speed is :( faf2 ) , 75 ,(cm/s)
	行 13202: @@@ User Speed is :( faf2 ) , 165 ,(cm/s)
	行 13235: @@@ User Speed is :( faf2 ) , 251 ,(cm/s)
	行 13259: @@@ User Speed is :( faf2 ) , 95 ,(cm/s)
	行 13293: @@@ User Speed is :( faf2 ) , 35 ,(cm/s)
	行 13363: @@@ User Speed is :( faf2 ) , 170 ,(cm/s)
	行 13396: @@@ User Speed is :( faf2 ) , 209 ,(cm/s)
	行 13429: @@@ User Speed is :( faf2 ) , 213 ,(cm/s)
	行 13474: @@@ User Speed is :( faf2 ) , 114 ,(cm/s)
	行 13506: @@@ User Speed is :( faf2 ) , 185 ,(cm/s)
	行 13533: @@@ User Speed is :( faf2 ) , 220 ,(cm/s)
	行 13567: @@@ User Speed is :( faf2 ) , 60 ,(cm/s)
	行 13611: @@@ User Speed is :( faf2 ) , 10 ,(cm/s)
	行 13645: @@@ User Speed is :( faf2 ) , 128 ,(cm/s)
	行 13678: @@@ User Speed is :( faf2 ) , 241 ,(cm/s)
	行 13711: @@@ User Speed is :( faf2 ) , 243 ,(cm/s)
	行 13744: @@@ User Speed is :( faf2 ) , 46 ,(cm/s)
	行 13776: @@@ User Speed is :( faf2 ) , 232 ,(cm/s)
	行 13808: @@@ User Speed is :( faf2 ) , 265 ,(cm/s)
	行 13832: @@@ User Speed is :( faf2 ) , 114 ,(cm/s)
	行 13878: @@@ User Speed is :( faf2 ) , 27 ,(cm/s)
	行 13911: @@@ User Speed is :( faf2 ) , 69 ,(cm/s)
	行 13956: @@@ User Speed is :( faf2 ) , 232 ,(cm/s)
	行 13986: @@@ User Speed is :( faf2 ) , 151 ,(cm/s)
	行 14043: @@@ User Speed is :( faf2 ) , 31 ,(cm/s)
	行 14076: @@@ User Speed is :( faf2 ) , 215 ,(cm/s)
	行 14133: @@@ User Speed is :( faf2 ) , 104 ,(cm/s)
	行 14167: @@@ User Speed is :( faf2 ) , 46 ,(cm/s)
	行 14213: @@@ User Speed is :( faf2 ) , 66 ,(cm/s)
	行 14255: @@@ User Speed is :( faf2 ) , 167 ,(cm/s)
	行 14290: @@@ User Speed is :( faf2 ) , 316 ,(cm/s)
	行 14321: @@@ User Speed is :( faf2 ) , 86 ,(cm/s)
	行 14353: @@@ User Speed is :( faf2 ) , 82 ,(cm/s)
	行 14384: @@@ User Speed is :( faf2 ) , 285 ,(cm/s)
	行 14418: @@@ User Speed is :( faf2 ) , 128 ,(cm/s)
	行 14443: @@@ User Speed is :( faf2 ) , 106 ,(cm/s)
	行 14478: @@@ User Speed is :( faf2 ) , 34 ,(cm/s)
	行 14581: @@@ User Speed is :( faf2 ) , 316 ,(cm/s)
	行 14614: @@@ User Speed is :( faf2 ) , 141 ,(cm/s)
	行 14647: @@@ User Speed is :( faf2 ) , 162 ,(cm/s)
	行 14682: @@@ User Speed is :( faf2 ) , 232 ,(cm/s)
	行 14716: @@@ User Speed is :( faf2 ) , 113 ,(cm/s)
	行 14750: @@@ User Speed is :( faf2 ) , 190 ,(cm/s)
	行 14784: @@@ User Speed is :( faf2 ) , 92 ,(cm/s)
	行 14808: @@@ User Speed is :( faf2 ) , 21 ,(cm/s)
	行 14852: @@@ User Speed is :( faf2 ) , 124 ,(cm/s)
	行 14965: @@@ User Speed is :( faf2 ) , 35 ,(cm/s)
	行 14999: @@@ User Speed is :( faf2 ) , 20 ,(cm/s)
	行 15033: @@@ User Speed is :( faf2 ) , 125 ,(cm/s)
	行 15067: @@@ User Speed is :( faf2 ) , 125 ,(cm/s)
	行 15100: @@@ User Speed is :( faf2 ) , 344 ,(cm/s)
	行 15133: @@@ User Speed is :( faf2 ) , 82 ,(cm/s)
	行 15165: @@@ User Speed is :( faf2 ) , 59 ,(cm/s)
	行 15198: @@@ User Speed is :( faf2 ) , 363 ,(cm/s)
	行 15222: @@@ User Speed is :( faf2 ) , 98 ,(cm/s)
	行 15256: @@@ User Speed is :( faf2 ) , 87 ,(cm/s)
	行 15290: @@@ User Speed is :( faf2 ) , 69 ,(cm/s)
	行 15330: @@@ User Speed is :( faf2 ) , 162 ,(cm/s)
	行 15363: @@@ User Speed is :( faf2 ) , 178 ,(cm/s)
	行 15394: @@@ User Speed is :( faf2 ) , 72 ,(cm/s)
	行 15426: @@@ User Speed is :( faf2 ) , 154 ,(cm/s)
	行 15462: @@@ User Speed is :( faf2 ) , 156 ,(cm/s)
	行 15488: @@@ User Speed is :( faf2 ) , 123 ,(cm/s)
	行 15567: @@@ User Speed is :( faf2 ) , 183 ,(cm/s)
	行 15613: @@@ User Speed is :( faf2 ) , 328 ,(cm/s)
	行 15695: @@@ User Speed is :( faf2 ) , 51 ,(cm/s)
	行 15729: @@@ User Speed is :( faf2 ) , 198 ,(cm/s)
	行 15767: @@@ User Speed is :( faf2 ) , 320 ,(cm/s)
	行 15800: @@@ User Speed is :( faf2 ) , 40 ,(cm/s)
	行 15847: @@@ User Speed is :( faf2 ) , 142 ,(cm/s)
	行 15881: @@@ User Speed is :( faf2 ) , 165 ,(cm/s)
	行 15915: @@@ User Speed is :( faf2 ) , 104 ,(cm/s)
	行 15948: @@@ User Speed is :( faf2 ) , 47 ,(cm/s)
	行 15982: @@@ User Speed is :( faf2 ) , 143 ,(cm/s)
	行 16006: @@@ User Speed is :( faf2 ) , 104 ,(cm/s)
	行 16049: @@@ User Speed is :( faf2 ) , 129 ,(cm/s)
	行 16112: @@@ User Speed is :( faf2 ) , 119 ,(cm/s)
	行 16143: @@@ User Speed is :( faf2 ) , 229 ,(cm/s)
	行 16212: @@@ User Speed is :( faf2 ) , 128 ,(cm/s)
	行 16248: @@@ User Speed is :( faf2 ) , 213 ,(cm/s)
	行 16274: @@@ User Speed is :( faf2 ) , 71 ,(cm/s)
	行 16310: @@@ User Speed is :( faf2 ) , 11 ,(cm/s)
	行 16345: @@@ User Speed is :( faf2 ) , 184 ,(cm/s)
	行 16385: @@@ User Speed is :( faf2 ) , 343 ,(cm/s)
	行 16464: @@@ User Speed is :( faf2 ) , 158 ,(cm/s)
	行 16498: @@@ User Speed is :( faf2 ) , 343 ,(cm/s)
	行 16526: @@@ User Speed is :( faf2 ) , 116 ,(cm/s)
	行 16573: @@@ User Speed is :( faf2 ) , 40 ,(cm/s)
	行 16606: @@@ User Speed is :( faf2 ) , 108 ,(cm/s)
	行 16651: @@@ User Speed is :( faf2 ) , 159 ,(cm/s)
	行 16682: @@@ User Speed is :( faf2 ) , 152 ,(cm/s)
	行 16713: @@@ User Speed is :( faf2 ) , 67 ,(cm/s)
	行 16743: @@@ User Speed is :( faf2 ) , 124 ,(cm/s)
	行 16774: @@@ User Speed is :( faf2 ) , 154 ,(cm/s)
	行 16799: @@@ User Speed is :( faf2 ) , 111 ,(cm/s)
	行 16833: @@@ User Speed is :( faf2 ) , 33 ,(cm/s)
	行 16877: @@@ User Speed is :( faf2 ) , 124 ,(cm/s)
	行 16910: @@@ User Speed is :( faf2 ) , 146 ,(cm/s)
	行 16943: @@@ User Speed is :( faf2 ) , 110 ,(cm/s)
	行 16977: @@@ User Speed is :( faf2 ) , 128 ,(cm/s)
	行 17012: @@@ User Speed is :( faf2 ) , 136 ,(cm/s)
	行 17037: @@@ User Speed is :( faf2 ) , 118 ,(cm/s)
	行 17072: @@@ User Speed is :( faf2 ) , 58 ,(cm/s)
	行 17116: @@@ User Speed is :( faf2 ) , 3 ,(cm/s)
	行 17150: @@@ User Speed is :( faf2 ) , 84 ,(cm/s)
	行 17195: @@@ User Speed is :( faf2 ) , 166 ,(cm/s)
	行 17227: @@@ User Speed is :( faf2 ) , 168 ,(cm/s)
	行 17275: @@@ User Speed is :( faf2 ) , 115 ,(cm/s)
	行 17310: @@@ User Speed is :( faf2 ) , 175 ,(cm/s)
	行 17336: @@@ User Speed is :( faf2 ) , 196 ,(cm/s)
	行 17383: @@@ User Speed is :( faf2 ) , 22 ,(cm/s)
	行 17426: @@@ User Speed is :( faf2 ) , 145 ,(cm/s)
	行 17463: @@@ User Speed is :( faf2 ) , 330 ,(cm/s)
	行 17497: @@@ User Speed is :( faf2 ) , 116 ,(cm/s)
	行 17528: @@@ User Speed is :( faf2 ) , 109 ,(cm/s)
	行 17560: @@@ User Speed is :( faf2 ) , 295 ,(cm/s)
	行 17584: @@@ User Speed is :( faf2 ) , 124 ,(cm/s)
	行 17618: @@@ User Speed is :( faf2 ) , 73 ,(cm/s)
	行 17652: @@@ User Speed is :( faf2 ) , 41 ,(cm/s)
	行 17695: @@@ User Speed is :( faf2 ) , 171 ,(cm/s)
	行 17727: @@@ User Speed is :( faf2 ) , 246 ,(cm/s)
	行 17758: @@@ User Speed is :( faf2 ) , 75 ,(cm/s)
	行 17791: @@@ User Speed is :( faf2 ) , 131 ,(cm/s)
	行 17826: @@@ User Speed is :( faf2 ) , 241 ,(cm/s)
	行 17850: @@@ User Speed is :( faf2 ) , 121 ,(cm/s)
	行 17884: @@@ User Speed is :( faf2 ) , 67 ,(cm/s)
	行 17929: @@@ User Speed is :( faf2 ) , 56 ,(cm/s)
	行 17972: @@@ User Speed is :( faf2 ) , 110 ,(cm/s)
	行 18010: @@@ User Speed is :( faf2 ) , 243 ,(cm/s)
	行 18044: @@@ User Speed is :( faf2 ) , 76 ,(cm/s)
	行 18077: @@@ User Speed is :( faf2 ) , 53 ,(cm/s)
	行 18111: @@@ User Speed is :( faf2 ) , 139 ,(cm/s)
	行 18145: @@@ User Speed is :( faf2 ) , 82 ,(cm/s)
	行 18179: @@@ User Speed is :( faf2 ) , 107 ,(cm/s)
	行 18203: @@@ User Speed is :( faf2 ) , 80 ,(cm/s)
	行 18237: @@@ User Speed is :( faf2 ) , 46 ,(cm/s)
	行 18271: @@@ User Speed is :( faf2 ) , 31 ,(cm/s)
	行 18305: @@@ User Speed is :( faf2 ) , 35 ,(cm/s)
	行 18371: @@@ User Speed is :( faf2 ) , 19 ,(cm/s)
	行 18405: @@@ User Speed is :( faf2 ) , 22 ,(cm/s)
	行 18439: @@@ User Speed is :( faf2 ) , 72 ,(cm/s)
	行 18483: @@@ User Speed is :( faf2 ) , 108 ,(cm/s)
	行 18516: @@@ User Speed is :( faf2 ) , 114 ,(cm/s)
	行 18539: @@@ User Speed is :( faf2 ) , 89 ,(cm/s)
	行 18572: @@@ User Speed is :( faf2 ) , 53 ,(cm/s)
	行 18605: @@@ User Speed is :( faf2 ) , 22 ,(cm/s)
	行 18650: @@@ User Speed is :( faf2 ) , 50 ,(cm/s)
	行 18717: @@@ User Speed is :( faf2 ) , 91 ,(cm/s)
	行 18741: @@@ User Speed is :( faf2 ) , 102 ,(cm/s)
	行 18775: @@@ User Speed is :( faf2 ) , 58 ,(cm/s)
	行 18809: @@@ User Speed is :( faf2 ) , 35 ,(cm/s)
	行 18840: @@@ User Speed is :( faf2 ) , 43 ,(cm/s)
	行 18871: @@@ User Speed is :( faf2 ) , 37 ,(cm/s)
	行 18904: @@@ User Speed is :( faf2 ) , 6 ,(cm/s)
	行 18938: @@@ User Speed is :( faf2 ) , 39 ,(cm/s)
	行 19004: @@@ User Speed is :( faf2 ) , 126 ,(cm/s)
	行 19059: @@@ User Speed is :( faf2 ) , 179 ,(cm/s)
	行 19092: @@@ User Speed is :( faf2 ) , 293 ,(cm/s)
	行 19151: @@@ User Speed is :( faf2 ) , 38 ,(cm/s)
	行 19184: @@@ User Speed is :( faf2 ) , 110 ,(cm/s)
	行 19216: @@@ User Speed is :( faf2 ) , 291 ,(cm/s)
	行 19253: @@@ User Speed is :( faf2 ) , 108 ,(cm/s)
	行 19276: @@@ User Speed is :( faf2 ) , 63 ,(cm/s)
	行 19313: @@@ User Speed is :( faf2 ) , 56 ,(cm/s)
	行 19427: @@@ User Speed is :( faf2 ) , 39 ,(cm/s)
	行 19458: @@@ User Speed is :( faf2 ) , 134 ,(cm/s)
	行 19498: @@@ User Speed is :( faf2 ) , 135 ,(cm/s)
	行 19531: @@@ User Speed is :( faf2 ) , 85 ,(cm/s)
	行 19590: @@@ User Speed is :( faf2 ) , 18 ,(cm/s)
	行 19623: @@@ User Speed is :( faf2 ) , 62 ,(cm/s)
	行 19656: @@@ User Speed is :( faf2 ) , 96 ,(cm/s)
	行 19680: @@@ User Speed is :( faf2 ) , 100 ,(cm/s)
	行 19714: @@@ User Speed is :( faf2 ) , 63 ,(cm/s)
	行 19748: @@@ User Speed is :( faf2 ) , 47 ,(cm/s)
	行 19782: @@@ User Speed is :( faf2 ) , 57 ,(cm/s)
	行 19812: @@@ User Speed is :( faf2 ) , 13 ,(cm/s)
	行 19846: @@@ User Speed is :( faf2 ) , 69 ,(cm/s)
	行 19888: @@@ User Speed is :( faf2 ) , 154 ,(cm/s)
	行 19918: @@@ User Speed is :( faf2 ) , 181 ,(cm/s)
	行 19949: @@@ User Speed is :( faf2 ) , 186 ,(cm/s)
	行 19982: @@@ User Speed is :( faf2 ) , 52 ,(cm/s)
	行 20014: @@@ User Speed is :( faf2 ) , 127 ,(cm/s)
	行 20047: @@@ User Speed is :( faf2 ) , 183 ,(cm/s)
	行 20095: @@@ User Speed is :( faf2 ) , 115 ,(cm/s)
	行 20118: @@@ User Speed is :( faf2 ) , 95 ,(cm/s)
	行 20155: @@@ User Speed is :( faf2 ) , 52 ,(cm/s)
	行 20254: @@@ User Speed is :( faf2 ) , 3 ,(cm/s)
	行 20285: @@@ User Speed is :( faf2 ) , 79 ,(cm/s)
	行 20340: @@@ User Speed is :( faf2 ) , 160 ,(cm/s)
	行 20372: @@@ User Speed is :( faf2 ) , 92 ,(cm/s)
	行 20407: @@@ User Speed is :( faf2 ) , 66 ,(cm/s)
	行 20439: @@@ User Speed is :( faf2 ) , 57 ,(cm/s)
	行 20473: @@@ User Speed is :( faf2 ) , 58 ,(cm/s)
	行 20505: @@@ User Speed is :( faf2 ) , 56 ,(cm/s)
	行 20536: @@@ User Speed is :( faf2 ) , 106 ,(cm/s)
	行 20562: @@@ User Speed is :( faf2 ) , 105 ,(cm/s)
	行 20597: @@@ User Speed is :( faf2 ) , 49 ,(cm/s)
	行 20640: @@@ User Speed is :( faf2 ) , 53 ,(cm/s)
	行 20695: @@@ User Speed is :( faf2 ) , 7 ,(cm/s)
	行 20729: @@@ User Speed is :( faf2 ) , 78 ,(cm/s)
	行 20772: @@@ User Speed is :( faf2 ) , 153 ,(cm/s)
	行 20806: @@@ User Speed is :( faf2 ) , 96 ,(cm/s)
	行 20885: @@@ User Speed is :( faf2 ) , 55 ,(cm/s)
	行 20919: @@@ User Speed is :( faf2 ) , 49 ,(cm/s)
	行 20953: @@@ User Speed is :( faf2 ) , 50 ,(cm/s)
