	行     9: [2024-11-15 10:28:09.153] @@@ User Speed is :( 36c ) , 8.94 ,(cm/s)
	行    31: [2024-11-15 10:28:09.403] @@@ User Speed is :( 36c ) , 34.41 ,(cm/s)
	行    53: [2024-11-15 10:28:09.654] @@@ User Speed is :( 36c ) , 25.30 ,(cm/s)
	行    75: [2024-11-15 10:28:09.902] @@@ User Speed is :( 36c ) , 0 ,(cm/s)
	行    97: [2024-11-15 10:28:10.162] @@@ User Speed is :( 36c ) , 46.82 ,(cm/s)
	行   162: [2024-11-15 10:28:10.416] @@@ User Speed is :( 36c ) , 52.15 ,(cm/s)
	行   219: [2024-11-15 10:28:10.653] @@@ User Speed is :( 36c ) , 16.49 ,(cm/s)
	行   240: [2024-11-15 10:28:10.902] @@@ User Speed is :( 36c ) , 4.00 ,(cm/s)
	行   261: [2024-11-15 10:28:11.157] @@@ User Speed is :( 36c ) , 31.24 ,(cm/s)
	行   287: [2024-11-15 10:28:11.423] @@@ User Speed is :( 36c ) , 20.00 ,(cm/s)
	行   340: [2024-11-15 10:28:11.655] @@@ User Speed is :( 36c ) , 40.00 ,(cm/s)
	行   366: [2024-11-15 10:28:11.902] @@@ User Speed is :( 36c ) , 36.00 ,(cm/s)
	行   387: [2024-11-15 10:28:12.155] @@@ User Speed is :( 36c ) , 65.60 ,(cm/s)
	行   413: [2024-11-15 10:28:12.403] @@@ User Speed is :( 36c ) , 53.81 ,(cm/s)
	行   434: [2024-11-15 10:28:12.655] @@@ User Speed is :( 36c ) , 56.57 ,(cm/s)
	行   460: [2024-11-15 10:28:12.902] @@@ User Speed is :( 36c ) , 20.40 ,(cm/s)
	行   481: [2024-11-15 10:28:13.152] @@@ User Speed is :( 36c ) , 57.27 ,(cm/s)
	行   502: [2024-11-15 10:28:13.402] @@@ User Speed is :( 36c ) , 16.00 ,(cm/s)
	行   523: [2024-11-15 10:28:13.653] @@@ User Speed is :( 36c ) , 46.82 ,(cm/s)
	行   545: [2024-11-15 10:28:13.916] @@@ User Speed is :( 36c ) , 66.57 ,(cm/s)
	行   571: [2024-11-15 10:28:14.152] @@@ User Speed is :( 36c ) , 60.00 ,(cm/s)
	行   592: [2024-11-15 10:28:14.402] @@@ User Speed is :( 36c ) , 14.42 ,(cm/s)
	行   613: [2024-11-15 10:28:14.653] @@@ User Speed is :( 36c ) , 5.66 ,(cm/s)
	行   635: [2024-11-15 10:28:14.906] @@@ User Speed is :( 36c ) , 20.00 ,(cm/s)
	行   661: [2024-11-15 10:28:15.153] @@@ User Speed is :( 36c ) , 59.46 ,(cm/s)
	行   682: [2024-11-15 10:28:15.402] @@@ User Speed is :( 36c ) , 0 ,(cm/s)
	行   703: [2024-11-15 10:28:15.652] @@@ User Speed is :( 36c ) , 28.28 ,(cm/s)
	行   724: [2024-11-15 10:28:15.902] @@@ User Speed is :( 36c ) , 28.28 ,(cm/s)
	行   745: [2024-11-15 10:28:16.153] @@@ User Speed is :( 36c ) , 21.54 ,(cm/s)
	行   766: [2024-11-15 10:28:16.417] @@@ User Speed is :( 36c ) , 43.08 ,(cm/s)
	行   824: [2024-11-15 10:28:16.652] @@@ User Speed is :( 36c ) , 35.78 ,(cm/s)
	行   845: [2024-11-15 10:28:16.902] @@@ User Speed is :( 36c ) , 20.40 ,(cm/s)
	行   866: [2024-11-15 10:28:17.156] @@@ User Speed is :( 36c ) , 34.18 ,(cm/s)
	行   892: [2024-11-15 10:28:17.406] @@@ User Speed is :( 36c ) , 50.60 ,(cm/s)
	行   918: [2024-11-15 10:28:17.655] @@@ User Speed is :( 36c ) , 12.65 ,(cm/s)
	行   944: [2024-11-15 10:28:17.906] @@@ User Speed is :( 36c ) , 25.30 ,(cm/s)
	行   970: [2024-11-15 10:28:18.156] @@@ User Speed is :( 36c ) , 24.00 ,(cm/s)
	行   996: [2024-11-15 10:28:18.413] @@@ User Speed is :( 36c ) , 56.57 ,(cm/s)
	行  1049: [2024-11-15 10:28:18.651] @@@ User Speed is :( 36c ) , 11.31 ,(cm/s)
	行  1070: [2024-11-15 10:28:18.902] @@@ User Speed is :( 36c ) , 73.76 ,(cm/s)
	行  1091: [2024-11-15 10:28:19.155] @@@ User Speed is :( 36c ) , 78.59 ,(cm/s)
	行  1117: [2024-11-15 10:28:19.401] @@@ User Speed is :( 36c ) , 44.00 ,(cm/s)
	行  1138: [2024-11-15 10:28:19.652] @@@ User Speed is :( 36c ) , 12.65 ,(cm/s)
	行  1159: [2024-11-15 10:28:19.904] @@@ User Speed is :( 36c ) , 34.41 ,(cm/s)
	行  1174: [2024-11-15 10:28:20.152] @@@ User Speed is :( 36c ) , 64.50 ,(cm/s)
	行  1195: [2024-11-15 10:28:20.402] @@@ User Speed is :( 36c ) , 59.46 ,(cm/s)
	行  1216: [2024-11-15 10:28:20.652] @@@ User Speed is :( 36c ) , 26.83 ,(cm/s)
	行  1237: [2024-11-15 10:28:20.905] @@@ User Speed is :( 36c ) , 35.78 ,(cm/s)
	行  1263: [2024-11-15 10:28:21.151] @@@ User Speed is :( 36c ) , 54.41 ,(cm/s)
	行  1277: [2024-11-15 10:28:21.402] @@@ User Speed is :( 36c ) , 4.00 ,(cm/s)
	行  1298: [2024-11-15 10:28:21.652] @@@ User Speed is :( 36c ) , 8.00 ,(cm/s)
	行  1319: [2024-11-15 10:28:21.902] @@@ User Speed is :( 36c ) , 8.94 ,(cm/s)
	行  1340: [2024-11-15 10:28:22.152] @@@ User Speed is :( 36c ) , 4.00 ,(cm/s)
	行  1361: [2024-11-15 10:28:22.401] @@@ User Speed is :( 36c ) , 12.65 ,(cm/s)
	行  1382: [2024-11-15 10:28:22.652] @@@ User Speed is :( 36c ) , 14.42 ,(cm/s)
	行  1403: [2024-11-15 10:28:22.901] @@@ User Speed is :( 36c ) , 12.00 ,(cm/s)
	行  1424: [2024-11-15 10:28:23.152] @@@ User Speed is :( 36c ) , 12.65 ,(cm/s)
	行  1445: [2024-11-15 10:28:23.402] @@@ User Speed is :( 36c ) , 14.42 ,(cm/s)
	行  1466: [2024-11-15 10:28:23.652] @@@ User Speed is :( 36c ) , 28.28 ,(cm/s)
	行  1487: [2024-11-15 10:28:23.902] @@@ User Speed is :( 36c ) , 25.61 ,(cm/s)
	行  1508: [2024-11-15 10:28:24.152] @@@ User Speed is :( 36c ) , 8.94 ,(cm/s)
	行  1529: [2024-11-15 10:28:24.402] @@@ User Speed is :( 36c ) , 4.00 ,(cm/s)
	行  1550: [2024-11-15 10:28:24.652] @@@ User Speed is :( 36c ) , 16.00 ,(cm/s)
	行  1571: [2024-11-15 10:28:24.927] @@@ User Speed is :( 36c ) , 32.98 ,(cm/s)
	行  1629: [2024-11-15 10:28:25.152] @@@ User Speed is :( 36c ) , 32.98 ,(cm/s)
	行  1650: [2024-11-15 10:28:25.402] @@@ User Speed is :( 36c ) , 11.31 ,(cm/s)
	行  1671: [2024-11-15 10:28:25.652] @@@ User Speed is :( 36c ) , 8.94 ,(cm/s)
	行  1692: [2024-11-15 10:28:25.902] @@@ User Speed is :( 36c ) , 8.94 ,(cm/s)
	行  1713: [2024-11-15 10:28:26.156] @@@ User Speed is :( 36c ) , 87.73 ,(cm/s)
	行  1739: [2024-11-15 10:28:26.402] @@@ User Speed is :( 36c ) , 59.46 ,(cm/s)
	行  1760: [2024-11-15 10:28:26.653] @@@ User Speed is :( 36c ) , 21.54 ,(cm/s)
	行  1781: [2024-11-15 10:28:26.905] @@@ User Speed is :( 36c ) , 44.18 ,(cm/s)
	行  1807: [2024-11-15 10:28:27.152] @@@ User Speed is :( 36c ) , 36.22 ,(cm/s)
	行  1828: [2024-11-15 10:28:27.401] @@@ User Speed is :( 36c ) , 16.97 ,(cm/s)
	行  1849: [2024-11-15 10:28:27.653] @@@ User Speed is :( 36c ) , 26.83 ,(cm/s)
	行  1870: [2024-11-15 10:28:27.906] @@@ User Speed is :( 36c ) , 36.22 ,(cm/s)
	行  1896: [2024-11-15 10:28:28.162] @@@ User Speed is :( 36c ) , 48.00 ,(cm/s)
	行  1949: [2024-11-15 10:28:28.404] @@@ User Speed is :( 36c ) , 48.83 ,(cm/s)
	行  1976: [2024-11-15 10:28:28.652] @@@ User Speed is :( 36c ) , 53.37 ,(cm/s)
	行  1997: [2024-11-15 10:28:28.903] @@@ User Speed is :( 36c ) , 30.46 ,(cm/s)
	行  2019: [2024-11-15 10:28:29.154] @@@ User Speed is :( 36c ) , 11.31 ,(cm/s)
	行  2045: [2024-11-15 10:28:29.402] @@@ User Speed is :( 36c ) , 73.76 ,(cm/s)
	行  2066: [2024-11-15 10:28:29.652] @@@ User Speed is :( 36c ) , 50.12 ,(cm/s)
	行  2087: [2024-11-15 10:28:29.902] @@@ User Speed is :( 36c ) , 41.18 ,(cm/s)
	行  2108: [2024-11-15 10:28:30.152] @@@ User Speed is :( 36c ) , 5.66 ,(cm/s)
	行  2129: [2024-11-15 10:28:30.401] @@@ User Speed is :( 36c ) , 12.65 ,(cm/s)
	行  2150: [2024-11-15 10:28:30.676] @@@ User Speed is :( 36c ) , 51.22 ,(cm/s)
	行  2208: [2024-11-15 10:28:30.906] @@@ User Speed is :( 36c ) , 12.00 ,(cm/s)
	行  2234: [2024-11-15 10:28:31.155] @@@ User Speed is :( 36c ) , 44.72 ,(cm/s)
	行  2260: [2024-11-15 10:28:31.402] @@@ User Speed is :( 36c ) , 78.89 ,(cm/s)
	行  2281: [2024-11-15 10:28:31.652] @@@ User Speed is :( 36c ) , 12.00 ,(cm/s)
	行  2302: [2024-11-15 10:28:31.902] @@@ User Speed is :( 36c ) , 8.00 ,(cm/s)
	行  2323: [2024-11-15 10:28:32.151] @@@ User Speed is :( 36c ) , 20.40 ,(cm/s)
	行  2344: [2024-11-15 10:28:32.402] @@@ User Speed is :( 36c ) , 4.00 ,(cm/s)
	行  2365: [2024-11-15 10:28:32.651] @@@ User Speed is :( 36c ) , 4.00 ,(cm/s)
	行  2386: [2024-11-15 10:28:32.905] @@@ User Speed is :( 36c ) , 69.05 ,(cm/s)
	行  2412: [2024-11-15 10:28:33.152] @@@ User Speed is :( 36c ) , 61.19 ,(cm/s)
	行  2433: [2024-11-15 10:28:33.401] @@@ User Speed is :( 36c ) , 8.00 ,(cm/s)
	行  2454: [2024-11-15 10:28:33.652] @@@ User Speed is :( 36c ) , 20.40 ,(cm/s)
	行  2475: [2024-11-15 10:28:33.906] @@@ User Speed is :( 36c ) , 45.61 ,(cm/s)
	行  2501: [2024-11-15 10:28:34.173] @@@ User Speed is :( 36c ) , 31.24 ,(cm/s)
	行  2554: [2024-11-15 10:28:34.402] @@@ User Speed is :( 36c ) , 16.49 ,(cm/s)
	行  2575: [2024-11-15 10:28:34.653] @@@ User Speed is :( 36c ) , 20.40 ,(cm/s)
	行  2597: [2024-11-15 10:28:34.902] @@@ User Speed is :( 36c ) , 25.30 ,(cm/s)
	行  2618: [2024-11-15 10:28:35.152] @@@ User Speed is :( 36c ) , 16.00 ,(cm/s)
	行  2639: [2024-11-15 10:28:35.404] @@@ User Speed is :( 36c ) , 48.33 ,(cm/s)
	行  2665: [2024-11-15 10:28:35.652] @@@ User Speed is :( 36c ) , 44.72 ,(cm/s)
	行  2686: [2024-11-15 10:28:35.901] @@@ User Speed is :( 36c ) , 12.65 ,(cm/s)
	行  2707: [2024-11-15 10:28:36.176] @@@ User Speed is :( 36c ) , 62.48 ,(cm/s)
	行  2765: [2024-11-15 10:28:36.406] @@@ User Speed is :( 36c ) , 56.57 ,(cm/s)
	行  2791: [2024-11-15 10:28:36.651] @@@ User Speed is :( 36c ) , 36.88 ,(cm/s)
	行  2812: [2024-11-15 10:28:36.901] @@@ User Speed is :( 36c ) , 8.94 ,(cm/s)
	行  2833: [2024-11-15 10:28:37.154] @@@ User Speed is :( 36c ) , 67.05 ,(cm/s)
	行  2859: [2024-11-15 10:28:37.401] @@@ User Speed is :( 36c ) , 67.05 ,(cm/s)
	行  2880: [2024-11-15 10:28:37.651] @@@ User Speed is :( 36c ) , 4.00 ,(cm/s)
	行  2901: [2024-11-15 10:28:37.907] @@@ User Speed is :( 36c ) , 52.00 ,(cm/s)
	行  2927: [2024-11-15 10:28:38.152] @@@ User Speed is :( 36c ) , 56.85 ,(cm/s)
	行  2948: [2024-11-15 10:28:38.423] @@@ User Speed is :( 36c ) , 43.27 ,(cm/s)
	行  3001: [2024-11-15 10:28:38.652] @@@ User Speed is :( 36c ) , 12.65 ,(cm/s)
	行  3023: [2024-11-15 10:28:38.902] @@@ User Speed is :( 36c ) , 20.00 ,(cm/s)
	行  3045: [2024-11-15 10:28:39.152] @@@ User Speed is :( 36c ) , 16.49 ,(cm/s)
	行  3066: [2024-11-15 10:28:39.401] @@@ User Speed is :( 36c ) , 20.00 ,(cm/s)
	行  3087: [2024-11-15 10:28:39.651] @@@ User Speed is :( 36c ) , 8.00 ,(cm/s)
	行  3108: [2024-11-15 10:28:39.905] @@@ User Speed is :( 36c ) , 40.00 ,(cm/s)
	行  3134: [2024-11-15 10:28:40.153] @@@ User Speed is :( 36c ) , 26.83 ,(cm/s)
	行  3156: [2024-11-15 10:28:40.404] @@@ User Speed is :( 36c ) , 4.00 ,(cm/s)
	行  3182: [2024-11-15 10:28:40.652] @@@ User Speed is :( 36c ) , 8.94 ,(cm/s)
	行  3204: [2024-11-15 10:28:40.901] @@@ User Speed is :( 36c ) , 12.65 ,(cm/s)
	行  3225: [2024-11-15 10:28:41.155] @@@ User Speed is :( 36c ) , 53.67 ,(cm/s)
	行  3251: [2024-11-15 10:28:41.403] @@@ User Speed is :( 36c ) , 41.76 ,(cm/s)
	行  3273: [2024-11-15 10:28:41.665] @@@ User Speed is :( 36c ) , 40.00 ,(cm/s)
	行  3331: [2024-11-15 10:28:41.905] @@@ User Speed is :( 36c ) , 8.94 ,(cm/s)
	行  3357: [2024-11-15 10:28:42.166] @@@ User Speed is :( 36c ) , 36.88 ,(cm/s)
	行  3383: [2024-11-15 10:28:42.405] @@@ User Speed is :( 36c ) , 53.67 ,(cm/s)
	行  3409: [2024-11-15 10:28:42.673] @@@ User Speed is :( 36c ) , 60.93 ,(cm/s)
	行  3462: [2024-11-15 10:28:42.904] @@@ User Speed is :( 36c ) , 16.49 ,(cm/s)
	行  3488: [2024-11-15 10:28:43.153] @@@ User Speed is :( 36c ) , 44.72 ,(cm/s)
	行  3514: [2024-11-15 10:28:43.404] @@@ User Speed is :( 36c ) , 62.23 ,(cm/s)
	行  3540: [2024-11-15 10:28:43.653] @@@ User Speed is :( 36c ) , 40.00 ,(cm/s)
	行  3567: [2024-11-15 10:28:43.902] @@@ User Speed is :( 36c ) , 12.00 ,(cm/s)
	行  3589: [2024-11-15 10:28:44.152] @@@ User Speed is :( 36c ) , 16.00 ,(cm/s)
	行  3611: [2024-11-15 10:28:44.400] @@@ User Speed is :( 36c ) , 45.61 ,(cm/s)
	行  3632: [2024-11-15 10:28:44.654] @@@ User Speed is :( 36c ) , 12.00 ,(cm/s)
	行  3658: [2024-11-15 10:28:44.902] @@@ User Speed is :( 36c ) , 4.00 ,(cm/s)
	行  3680: [2024-11-15 10:28:45.151] @@@ User Speed is :( 36c ) , 24.33 ,(cm/s)
	行  3701: [2024-11-15 10:28:45.402] @@@ User Speed is :( 36c ) , 24.00 ,(cm/s)
	行  3723: [2024-11-15 10:28:45.653] @@@ User Speed is :( 36c ) , 51.22 ,(cm/s)
	行  3749: [2024-11-15 10:28:45.901] @@@ User Speed is :( 36c ) , 52.15 ,(cm/s)
	行  3770: [2024-11-15 10:28:46.152] @@@ User Speed is :( 36c ) , 12.65 ,(cm/s)
	行  3791: [2024-11-15 10:28:46.404] @@@ User Speed is :( 36c ) , 48.17 ,(cm/s)
	行  3817: [2024-11-15 10:28:46.652] @@@ User Speed is :( 36c ) , 30.46 ,(cm/s)
	行  3839: [2024-11-15 10:28:46.902] @@@ User Speed is :( 36c ) , 32.25 ,(cm/s)
	行  3861: [2024-11-15 10:28:47.151] @@@ User Speed is :( 36c ) , 48.83 ,(cm/s)
	行  3882: [2024-11-15 10:28:47.402] @@@ User Speed is :( 36c ) , 8.94 ,(cm/s)
	行  3903: [2024-11-15 10:28:47.651] @@@ User Speed is :( 36c ) , 20.40 ,(cm/s)
	行  3924: [2024-11-15 10:28:47.901] @@@ User Speed is :( 36c ) , 16.49 ,(cm/s)
	行  3945: [2024-11-15 10:28:48.151] @@@ User Speed is :( 36c ) , 12.00 ,(cm/s)
	行  3966: [2024-11-15 10:28:48.415] @@@ User Speed is :( 36c ) , 64.50 ,(cm/s)
	行  4024: [2024-11-15 10:28:48.655] @@@ User Speed is :( 36c ) , 26.83 ,(cm/s)
	行  4050: [2024-11-15 10:28:48.901] @@@ User Speed is :( 36c ) , 29.12 ,(cm/s)
	行  4071: [2024-11-15 10:28:49.173] @@@ User Speed is :( 36c ) , 12.65 ,(cm/s)
	行  4124: [2024-11-15 10:28:49.401] @@@ User Speed is :( 36c ) , 40.20 ,(cm/s)
	行  4146: [2024-11-15 10:28:49.651] @@@ User Speed is :( 36c ) , 50.12 ,(cm/s)
	行  4167: [2024-11-15 10:28:49.900] @@@ User Speed is :( 36c ) , 26.83 ,(cm/s)
	行  4188: [2024-11-15 10:28:50.151] @@@ User Speed is :( 36c ) , 32.25 ,(cm/s)
	行  4209: [2024-11-15 10:28:50.401] @@@ User Speed is :( 36c ) , 57.27 ,(cm/s)
	行  4230: [2024-11-15 10:28:50.650] @@@ User Speed is :( 36c ) , 5.66 ,(cm/s)
	行  4251: [2024-11-15 10:28:50.901] @@@ User Speed is :( 36c ) , 40.79 ,(cm/s)
	行  4272: [2024-11-15 10:28:51.150] @@@ User Speed is :( 36c ) , 57.69 ,(cm/s)
	行  4293: [2024-11-15 10:28:51.401] @@@ User Speed is :( 36c ) , 16.49 ,(cm/s)
	行  4314: [2024-11-15 10:28:51.652] @@@ User Speed is :( 36c ) , 60.93 ,(cm/s)
	行  4335: [2024-11-15 10:28:51.902] @@@ User Speed is :( 36c ) , 44.72 ,(cm/s)
	行  4357: [2024-11-15 10:28:52.152] @@@ User Speed is :( 36c ) , 48.00 ,(cm/s)
	行  4379: [2024-11-15 10:28:52.401] @@@ User Speed is :( 36c ) , 29.12 ,(cm/s)
	行  4400: [2024-11-15 10:28:52.651] @@@ User Speed is :( 36c ) , 49.48 ,(cm/s)
	行  4421: [2024-11-15 10:28:52.905] @@@ User Speed is :( 36c ) , 106.28 ,(cm/s)
	行  4447: [2024-11-15 10:28:53.151] @@@ User Speed is :( 36c ) , 76.42 ,(cm/s)
	行  4468: [2024-11-15 10:28:53.401] @@@ User Speed is :( 36c ) , 48.83 ,(cm/s)
	行  4489: [2024-11-15 10:28:53.650] @@@ User Speed is :( 36c ) , 78.89 ,(cm/s)
	行  4510: [2024-11-15 10:28:53.901] @@@ User Speed is :( 36c ) , 60.93 ,(cm/s)
	行  4531: [2024-11-15 10:28:54.152] @@@ User Speed is :( 36c ) , 50.60 ,(cm/s)
	行  4552: [2024-11-15 10:28:54.401] @@@ User Speed is :( 36c ) , 4.00 ,(cm/s)
	行  4573: [2024-11-15 10:28:54.651] @@@ User Speed is :( 36c ) , 52.00 ,(cm/s)
	行  4594: [2024-11-15 10:28:54.902] @@@ User Speed is :( 36c ) , 4.00 ,(cm/s)
	行  4615: [2024-11-15 10:28:55.151] @@@ User Speed is :( 36c ) , 4.00 ,(cm/s)
	行  4636: [2024-11-15 10:28:55.401] @@@ User Speed is :( 36c ) , 5.66 ,(cm/s)
	行  4657: [2024-11-15 10:28:55.651] @@@ User Speed is :( 36c ) , 12.65 ,(cm/s)
	行  4678: [2024-11-15 10:28:55.901] @@@ User Speed is :( 36c ) , 44.72 ,(cm/s)
	行  4699: [2024-11-15 10:28:56.150] @@@ User Speed is :( 36c ) , 16.00 ,(cm/s)
	行  4720: [2024-11-15 10:28:56.402] @@@ User Speed is :( 36c ) , 28.84 ,(cm/s)
	行  4742: [2024-11-15 10:28:56.650] @@@ User Speed is :( 36c ) , 56.57 ,(cm/s)
	行  4763: [2024-11-15 10:28:56.901] @@@ User Speed is :( 36c ) , 12.00 ,(cm/s)
	行  4784: [2024-11-15 10:28:57.152] @@@ User Speed is :( 36c ) , 17.89 ,(cm/s)
	行  4805: [2024-11-15 10:28:57.400] @@@ User Speed is :( 36c ) , 55.57 ,(cm/s)
	行  4826: [2024-11-15 10:28:57.651] @@@ User Speed is :( 36c ) , 14.42 ,(cm/s)
	行  4847: [2024-11-15 10:28:57.901] @@@ User Speed is :( 36c ) , 29.12 ,(cm/s)
	行  4868: [2024-11-15 10:28:58.151] @@@ User Speed is :( 36c ) , 4.00 ,(cm/s)
	行  4889: [2024-11-15 10:28:58.402] @@@ User Speed is :( 36c ) , 5.66 ,(cm/s)
	行  4910: [2024-11-15 10:28:58.653] @@@ User Speed is :( 36c ) , 53.67 ,(cm/s)
	行  4932: [2024-11-15 10:28:58.901] @@@ User Speed is :( 36c ) , 5.66 ,(cm/s)
	行  4953: [2024-11-15 10:28:59.151] @@@ User Speed is :( 36c ) , 16.49 ,(cm/s)
	行  4974: [2024-11-15 10:28:59.402] @@@ User Speed is :( 36c ) , 12.65 ,(cm/s)
	行  4995: [2024-11-15 10:28:59.666] @@@ User Speed is :( 36c ) , 20.00 ,(cm/s)
	行  5053: [2024-11-15 10:28:59.900] @@@ User Speed is :( 36c ) , 20.00 ,(cm/s)
	行  5074: [2024-11-15 10:29:00.151] @@@ User Speed is :( 36c ) , 28.84 ,(cm/s)
	行  5095: [2024-11-15 10:29:00.401] @@@ User Speed is :( 36c ) , 14.42 ,(cm/s)
	行  5116: [2024-11-15 10:29:00.651] @@@ User Speed is :( 36c ) , 4.00 ,(cm/s)
	行  5137: [2024-11-15 10:29:00.901] @@@ User Speed is :( 36c ) , 20.40 ,(cm/s)
	行  5158: [2024-11-15 10:29:01.151] @@@ User Speed is :( 36c ) , 12.65 ,(cm/s)
	行  5179: [2024-11-15 10:29:01.401] @@@ User Speed is :( 36c ) , 30.46 ,(cm/s)
	行  5200: [2024-11-15 10:29:01.650] @@@ User Speed is :( 36c ) , 8.94 ,(cm/s)
	行  5221: [2024-11-15 10:29:01.924] @@@ User Speed is :( 36c ) , 16.49 ,(cm/s)
	行  5274: [2024-11-15 10:29:02.151] @@@ User Speed is :( 36c ) , 17.89 ,(cm/s)
	行  5295: [2024-11-15 10:29:02.401] @@@ User Speed is :( 36c ) , 20.00 ,(cm/s)
	行  5317: [2024-11-15 10:29:02.651] @@@ User Speed is :( 36c ) , 36.88 ,(cm/s)
	行  5338: [2024-11-15 10:29:02.903] @@@ User Speed is :( 36c ) , 48.83 ,(cm/s)
	行  5364: [2024-11-15 10:29:03.155] @@@ User Speed is :( 36c ) , 36.88 ,(cm/s)
	行  5390: [2024-11-15 10:29:03.402] @@@ User Speed is :( 36c ) , 39.40 ,(cm/s)
	行  5412: [2024-11-15 10:29:03.652] @@@ User Speed is :( 36c ) , 0 ,(cm/s)
	行  5434: [2024-11-15 10:29:03.901] @@@ User Speed is :( 36c ) , 12.00 ,(cm/s)
	行  5455: [2024-11-15 10:29:04.151] @@@ User Speed is :( 36c ) , 36.88 ,(cm/s)
	行  5476: [2024-11-15 10:29:04.401] @@@ User Speed is :( 36c ) , 32.25 ,(cm/s)
	行  5497: [2024-11-15 10:29:04.650] @@@ User Speed is :( 36c ) , 0 ,(cm/s)
	行  5518: [2024-11-15 10:29:04.901] @@@ User Speed is :( 36c ) , 8.94 ,(cm/s)
	行  5539: [2024-11-15 10:29:05.150] @@@ User Speed is :( 36c ) , 0 ,(cm/s)
	行  5560: [2024-11-15 10:29:05.400] @@@ User Speed is :( 36c ) , 12.65 ,(cm/s)
	行  5581: [2024-11-15 10:29:05.664] @@@ User Speed is :( 36c ) , 52.00 ,(cm/s)
	行  5633: [2024-11-15 10:29:05.902] @@@ User Speed is :( 36c ) , 36.88 ,(cm/s)
	行  5656: [2024-11-15 10:29:06.152] @@@ User Speed is :( 36c ) , 20.00 ,(cm/s)
	行  5685: [2024-11-15 10:29:06.401] @@@ User Speed is :( 36c ) , 20.00 ,(cm/s)
	行  5707: [2024-11-15 10:29:06.652] @@@ User Speed is :( 36c ) , 16.49 ,(cm/s)
	行  5729: [2024-11-15 10:29:06.901] @@@ User Speed is :( 36c ) , 31.24 ,(cm/s)
	行  5751: [2024-11-15 10:29:07.156] @@@ User Speed is :( 36c ) , 96.17 ,(cm/s)
	行  5778: [2024-11-15 10:29:07.422] @@@ User Speed is :( 36c ) , 64.50 ,(cm/s)
	行  5832: [2024-11-15 10:29:07.651] @@@ User Speed is :( 36c ) , 5.66 ,(cm/s)
	行  5854: [2024-11-15 10:29:07.902] @@@ User Speed is :( 36c ) , 34.41 ,(cm/s)
	行  5876: [2024-11-15 10:29:08.151] @@@ User Speed is :( 36c ) , 32.25 ,(cm/s)
	行  5898: [2024-11-15 10:29:08.402] @@@ User Speed is :( 36c ) , 17.89 ,(cm/s)
	行  5921: [2024-11-15 10:29:08.652] @@@ User Speed is :( 36c ) , 12.00 ,(cm/s)
	行  5944: [2024-11-15 10:29:08.901] @@@ User Speed is :( 36c ) , 20.00 ,(cm/s)
	行  5966: [2024-11-15 10:29:09.152] @@@ User Speed is :( 36c ) , 5.66 ,(cm/s)
	行  5988: [2024-11-15 10:29:09.401] @@@ User Speed is :( 36c ) , 12.65 ,(cm/s)
	行  6010: [2024-11-15 10:29:09.651] @@@ User Speed is :( 36c ) , 16.49 ,(cm/s)
	行  6032: [2024-11-15 10:29:09.903] @@@ User Speed is :( 36c ) , 20.00 ,(cm/s)
	行  6055: [2024-11-15 10:29:10.151] @@@ User Speed is :( 36c ) , 16.97 ,(cm/s)
	行  6077: [2024-11-15 10:29:10.402] @@@ User Speed is :( 36c ) , 20.00 ,(cm/s)
	行  6099: [2024-11-15 10:29:10.652] @@@ User Speed is :( 36c ) , 62.61 ,(cm/s)
	行  6122: [2024-11-15 10:29:10.901] @@@ User Speed is :( 36c ) , 55.71 ,(cm/s)
	行  6144: [2024-11-15 10:29:11.152] @@@ User Speed is :( 36c ) , 48.33 ,(cm/s)
	行  6167: [2024-11-15 10:29:11.401] @@@ User Speed is :( 36c ) , 78.89 ,(cm/s)
	行  6189: [2024-11-15 10:29:11.676] @@@ User Speed is :( 36c ) , 57.27 ,(cm/s)
	行  6248: [2024-11-15 10:29:11.912] @@@ User Speed is :( 36c ) , 21.54 ,(cm/s)
	行  6302: [2024-11-15 10:29:12.151] @@@ User Speed is :( 36c ) , 33.94 ,(cm/s)
	行  6324: [2024-11-15 10:29:12.403] @@@ User Speed is :( 36c ) , 166.71 ,(cm/s)
	行  6370: [2024-11-15 10:29:12.902] @@@ User Speed is :( 36c ) , 92.35 ,(cm/s)
	行  6395: [2024-11-15 10:29:13.153] @@@ User Speed is :( 36c ) , 64.12 ,(cm/s)
	行  6421: [2024-11-15 10:29:13.400] @@@ User Speed is :( 36c ) , 116.48 ,(cm/s)
	行  6441: [2024-11-15 10:29:13.652] @@@ User Speed is :( 36c ) , 82.46 ,(cm/s)
	行  6466: [2024-11-15 10:29:13.900] @@@ User Speed is :( 36c ) , 176.18 ,(cm/s)
	行  6487: [2024-11-15 10:29:14.152] @@@ User Speed is :( 36c ) , 29.12 ,(cm/s)
	行  6512: [2024-11-15 10:29:14.402] @@@ User Speed is :( 36c ) , 161.25 ,(cm/s)
	行  6538: [2024-11-15 10:29:14.654] @@@ User Speed is :( 36c ) , 133.21 ,(cm/s)
	行  6556: [2024-11-15 10:29:14.902] @@@ User Speed is :( 36c ) , 43.27 ,(cm/s)
	行  6582: [2024-11-15 10:29:15.150] @@@ User Speed is :( 36c ) , 378.38 ,(cm/s)
	行  6602: [2024-11-15 10:29:15.401] @@@ User Speed is :( 36c ) , 200.48 ,(cm/s)
	行  6623: [2024-11-15 10:29:15.653] @@@ User Speed is :( 36c ) , 189.53 ,(cm/s)
	行  6648: [2024-11-15 10:29:15.899] @@@ User Speed is :( 36c ) , 132.42 ,(cm/s)
	行  6668: [2024-11-15 10:29:16.151] @@@ User Speed is :( 36c ) , 107.70 ,(cm/s)
	行  6689: [2024-11-15 10:29:16.403] @@@ User Speed is :( 36c ) , 188.00 ,(cm/s)
	行  6714: [2024-11-15 10:29:16.649] @@@ User Speed is :( 36c ) , 101.98 ,(cm/s)
	行  6734: [2024-11-15 10:29:16.914] @@@ User Speed is :( 36c ) , 132.54 ,(cm/s)
	行  6791: [2024-11-15 10:29:17.153] @@@ User Speed is :( 36c ) , 137.64 ,(cm/s)
	行  6816: [2024-11-15 10:29:17.404] @@@ User Speed is :( 36c ) , 117.64 ,(cm/s)
	行  6841: [2024-11-15 10:29:17.649] @@@ User Speed is :( 36c ) , 40.00 ,(cm/s)
	行  6861: [2024-11-15 10:29:17.903] @@@ User Speed is :( 36c ) , 91.30 ,(cm/s)
	行  6886: [2024-11-15 10:29:18.150] @@@ User Speed is :( 36c ) , 334.09 ,(cm/s)
	行  6906: [2024-11-15 10:29:18.403] @@@ User Speed is :( 36c ) , 254.02 ,(cm/s)
	行  6931: [2024-11-15 10:29:18.654] @@@ User Speed is :( 36c ) , 36.00 ,(cm/s)
	行  6956: [2024-11-15 10:29:18.899] @@@ User Speed is :( 36c ) , 141.36 ,(cm/s)
	行  6976: [2024-11-15 10:29:19.154] @@@ User Speed is :( 36c ) , 144.94 ,(cm/s)
	行  7001: [2024-11-15 10:29:19.400] @@@ User Speed is :( 36c ) , 318.45 ,(cm/s)
	行  7021: [2024-11-15 10:29:19.650] @@@ User Speed is :( 36c ) , 142.44 ,(cm/s)
	行  7041: [2024-11-15 10:29:19.903] @@@ User Speed is :( 36c ) , 190.83 ,(cm/s)
	行  7059: [2024-11-15 10:29:20.154] @@@ User Speed is :( 36c ) , 28.84 ,(cm/s)
	行  7084: [2024-11-15 10:29:20.404] @@@ User Speed is :( 36c ) , 112.71 ,(cm/s)
	行  7109: [2024-11-15 10:29:20.650] @@@ User Speed is :( 36c ) , 280.26 ,(cm/s)
	行  7129: [2024-11-15 10:29:20.904] @@@ User Speed is :( 36c ) , 153.31 ,(cm/s)
	行  7154: [2024-11-15 10:29:21.154] @@@ User Speed is :( 36c ) , 174.26 ,(cm/s)
	行  7179: [2024-11-15 10:29:21.402] @@@ User Speed is :( 36c ) , 180.71 ,(cm/s)
	行  7204: [2024-11-15 10:29:21.650] @@@ User Speed is :( 36c ) , 288.36 ,(cm/s)
	行  7224: [2024-11-15 10:29:21.902] @@@ User Speed is :( 36c ) , 248.68 ,(cm/s)
	行  7249: [2024-11-15 10:29:22.153] @@@ User Speed is :( 36c ) , 104.08 ,(cm/s)
	行  7274: [2024-11-15 10:29:22.404] @@@ User Speed is :( 36c ) , 232.21 ,(cm/s)
	行  7299: [2024-11-15 10:29:22.660] @@@ User Speed is :( 36c ) , 63.25 ,(cm/s)
	行  7362: [2024-11-15 10:29:23.162] @@@ User Speed is :( 36c ) , 186.76 ,(cm/s)
	行  7419: [2024-11-15 10:29:23.423] @@@ User Speed is :( 36c ) , 196.12 ,(cm/s)
	行  7473: [2024-11-15 10:29:23.654] @@@ User Speed is :( 36c ) , 20.40 ,(cm/s)
	行  7500: [2024-11-15 10:29:23.904] @@@ User Speed is :( 36c ) , 164.92 ,(cm/s)
	行  7527: [2024-11-15 10:29:24.153] @@@ User Speed is :( 36c ) , 107.70 ,(cm/s)
	行  7554: [2024-11-15 10:29:24.404] @@@ User Speed is :( 36c ) , 164.00 ,(cm/s)
	行  7581: [2024-11-15 10:29:24.650] @@@ User Speed is :( 36c ) , 107.70 ,(cm/s)
	行  7603: [2024-11-15 10:29:24.904] @@@ User Speed is :( 36c ) , 180.40 ,(cm/s)
	行  7630: [2024-11-15 10:29:25.154] @@@ User Speed is :( 36c ) , 48.83 ,(cm/s)
	行  7656: [2024-11-15 10:29:25.402] @@@ User Speed is :( 36c ) , 34.41 ,(cm/s)
	行  7682: [2024-11-15 10:29:25.650] @@@ User Speed is :( 36c ) , 294.73 ,(cm/s)
	行  7702: [2024-11-15 10:29:25.901] @@@ User Speed is :( 36c ) , 155.33 ,(cm/s)
	行  7723: [2024-11-15 10:29:26.153] @@@ User Speed is :( 36c ) , 218.69 ,(cm/s)
	行  7748: [2024-11-15 10:29:26.402] @@@ User Speed is :( 36c ) , 116.62 ,(cm/s)
	行  7773: [2024-11-15 10:29:26.649] @@@ User Speed is :( 36c ) , 48.33 ,(cm/s)
	行  7794: [2024-11-15 10:29:26.899] @@@ User Speed is :( 36c ) , 426.05 ,(cm/s)
	行  7838: [2024-11-15 10:29:27.403] @@@ User Speed is :( 36c ) , 164.92 ,(cm/s)
	行  7863: [2024-11-15 10:29:27.652] @@@ User Speed is :( 36c ) , 130.60 ,(cm/s)
	行  7888: [2024-11-15 10:29:27.899] @@@ User Speed is :( 36c ) , 246.09 ,(cm/s)
	行  7909: [2024-11-15 10:29:28.149] @@@ User Speed is :( 36c ) , 201.00 ,(cm/s)
	行  7929: [2024-11-15 10:29:28.399] @@@ User Speed is :( 36c ) , 66.21 ,(cm/s)
	行  7949: [2024-11-15 10:29:28.675] @@@ User Speed is :( 36c ) , 193.49 ,(cm/s)
	行  8006: [2024-11-15 10:29:28.904] @@@ User Speed is :( 36c ) , 21.54 ,(cm/s)
	行  8031: [2024-11-15 10:29:29.150] @@@ User Speed is :( 36c ) , 174.72 ,(cm/s)
	行  8051: [2024-11-15 10:29:29.422] @@@ User Speed is :( 36c ) , 57.69 ,(cm/s)
	行  8103: [2024-11-15 10:29:29.663] @@@ User Speed is :( 36c ) , 201.79 ,(cm/s)
	行  8128: [2024-11-15 10:29:29.900] @@@ User Speed is :( 36c ) , 180.00 ,(cm/s)
	行  8148: [2024-11-15 10:29:30.150] @@@ User Speed is :( 36c ) , 139.31 ,(cm/s)
	行  8169: [2024-11-15 10:29:30.402] @@@ User Speed is :( 36c ) , 234.67 ,(cm/s)
	行  8218: [2024-11-15 10:29:30.903] @@@ User Speed is :( 36c ) , 129.00 ,(cm/s)
	行  8244: [2024-11-15 10:29:31.149] @@@ User Speed is :( 36c ) , 284.45 ,(cm/s)
	行  8264: [2024-11-15 10:29:31.402] @@@ User Speed is :( 36c ) , 142.94 ,(cm/s)
	行  8289: [2024-11-15 10:29:31.653] @@@ User Speed is :( 36c ) , 97.65 ,(cm/s)
	行  8314: [2024-11-15 10:29:31.900] @@@ User Speed is :( 36c ) , 148.05 ,(cm/s)
	行  8334: [2024-11-15 10:29:32.153] @@@ User Speed is :( 36c ) , 233.65 ,(cm/s)
	行  8360: [2024-11-15 10:29:32.400] @@@ User Speed is :( 36c ) , 212.57 ,(cm/s)
	行  8373: [2024-11-15 10:29:32.652] @@@ User Speed is :( 36c ) , 289.36 ,(cm/s)
	行  8398: [2024-11-15 10:29:32.903] @@@ User Speed is :( 36c ) , 16.49 ,(cm/s)
	行  8423: [2024-11-15 10:29:33.153] @@@ User Speed is :( 36c ) , 104.69 ,(cm/s)
	行  8448: [2024-11-15 10:29:33.399] @@@ User Speed is :( 36c ) , 139.14 ,(cm/s)
	行  8468: [2024-11-15 10:29:33.653] @@@ User Speed is :( 36c ) , 240.07 ,(cm/s)
	行  8493: [2024-11-15 10:29:33.914] @@@ User Speed is :( 36c ) , 28.84 ,(cm/s)
	行  8550: [2024-11-15 10:29:34.150] @@@ User Speed is :( 36c ) , 187.28 ,(cm/s)
	行  8570: [2024-11-15 10:29:34.403] @@@ User Speed is :( 36c ) , 137.93 ,(cm/s)
	行  8595: [2024-11-15 10:29:34.653] @@@ User Speed is :( 36c ) , 68.47 ,(cm/s)
	行  8620: [2024-11-15 10:29:34.920] @@@ User Speed is :( 36c ) , 154.35 ,(cm/s)
	行  8672: [2024-11-15 10:29:35.150] @@@ User Speed is :( 36c ) , 61.19 ,(cm/s)
	行  8693: [2024-11-15 10:29:35.402] @@@ User Speed is :( 36c ) , 175.45 ,(cm/s)
	行  8718: [2024-11-15 10:29:35.652] @@@ User Speed is :( 36c ) , 96.33 ,(cm/s)
	行  8743: [2024-11-15 10:29:35.900] @@@ User Speed is :( 36c ) , 230.23 ,(cm/s)
	行  8763: [2024-11-15 10:29:36.152] @@@ User Speed is :( 36c ) , 192.37 ,(cm/s)
	行  8788: [2024-11-15 10:29:36.402] @@@ User Speed is :( 36c ) , 54.41 ,(cm/s)
	行  8813: [2024-11-15 10:29:36.649] @@@ User Speed is :( 36c ) , 257.12 ,(cm/s)
	行  8833: [2024-11-15 10:29:36.900] @@@ User Speed is :( 36c ) , 332.00 ,(cm/s)
	行  8854: [2024-11-15 10:29:37.153] @@@ User Speed is :( 36c ) , 84.38 ,(cm/s)
	行  8880: [2024-11-15 10:29:37.399] @@@ User Speed is :( 36c ) , 231.10 ,(cm/s)
	行  8900: [2024-11-15 10:29:37.652] @@@ User Speed is :( 36c ) , 104.69 ,(cm/s)
	行  8925: [2024-11-15 10:29:37.903] @@@ User Speed is :( 36c ) , 113.21 ,(cm/s)
	行  8950: [2024-11-15 10:29:38.149] @@@ User Speed is :( 36c ) , 166.90 ,(cm/s)
	行  8970: [2024-11-15 10:29:38.403] @@@ User Speed is :( 36c ) , 82.37 ,(cm/s)
	行  8995: [2024-11-15 10:29:38.653] @@@ User Speed is :( 36c ) , 157.63 ,(cm/s)
	行  9020: [2024-11-15 10:29:38.900] @@@ User Speed is :( 36c ) , 226.91 ,(cm/s)
	行  9041: [2024-11-15 10:29:39.150] @@@ User Speed is :( 36c ) , 50.12 ,(cm/s)
	行  9061: [2024-11-15 10:29:39.425] @@@ User Speed is :( 36c ) , 135.76 ,(cm/s)
	行  9118: [2024-11-15 10:29:39.654] @@@ User Speed is :( 36c ) , 127.12 ,(cm/s)
	行  9143: [2024-11-15 10:29:39.921] @@@ User Speed is :( 36c ) , 41.18 ,(cm/s)
	行  9195: [2024-11-15 10:29:40.152] @@@ User Speed is :( 36c ) , 186.59 ,(cm/s)
	行  9221: [2024-11-15 10:29:40.400] @@@ User Speed is :( 36c ) , 217.70 ,(cm/s)
	行  9242: [2024-11-15 10:29:40.652] @@@ User Speed is :( 36c ) , 102.45 ,(cm/s)
	行  9267: [2024-11-15 10:29:40.903] @@@ User Speed is :( 36c ) , 103.77 ,(cm/s)
	行  9285: [2024-11-15 10:29:41.148] @@@ User Speed is :( 36c ) , 188.04 ,(cm/s)
	行  9305: [2024-11-15 10:29:41.402] @@@ User Speed is :( 36c ) , 76.84 ,(cm/s)
	行  9331: [2024-11-15 10:29:41.653] @@@ User Speed is :( 36c ) , 120.93 ,(cm/s)
	行  9356: [2024-11-15 10:29:41.902] @@@ User Speed is :( 36c ) , 111.57 ,(cm/s)
	行  9382: [2024-11-15 10:29:42.153] @@@ User Speed is :( 36c ) , 33.94 ,(cm/s)
	行  9407: [2024-11-15 10:29:42.402] @@@ User Speed is :( 36c ) , 91.30 ,(cm/s)
	行  9432: [2024-11-15 10:29:42.650] @@@ User Speed is :( 36c ) , 151.21 ,(cm/s)
	行  9453: [2024-11-15 10:29:42.903] @@@ User Speed is :( 36c ) , 60.93 ,(cm/s)
	行  9478: [2024-11-15 10:29:43.152] @@@ User Speed is :( 36c ) , 79.40 ,(cm/s)
	行  9504: [2024-11-15 10:29:43.400] @@@ User Speed is :( 36c ) , 113.14 ,(cm/s)
	行  9525: [2024-11-15 10:29:43.652] @@@ User Speed is :( 36c ) , 50.91 ,(cm/s)
	行  9550: [2024-11-15 10:29:43.902] @@@ User Speed is :( 36c ) , 90.69 ,(cm/s)
	行  9576: [2024-11-15 10:29:44.152] @@@ User Speed is :( 36c ) , 72.11 ,(cm/s)
	行  9601: [2024-11-15 10:29:44.399] @@@ User Speed is :( 36c ) , 213.35 ,(cm/s)
	行  9621: [2024-11-15 10:29:44.663] @@@ User Speed is :( 36c ) , 161.79 ,(cm/s)
	行  9678: [2024-11-15 10:29:44.903] @@@ User Speed is :( 36c ) , 57.27 ,(cm/s)
	行  9703: [2024-11-15 10:29:45.153] @@@ User Speed is :( 36c ) , 82.46 ,(cm/s)
	行  9728: [2024-11-15 10:29:45.403] @@@ User Speed is :( 36c ) , 78.79 ,(cm/s)
	行  9753: [2024-11-15 10:29:45.653] @@@ User Speed is :( 36c ) , 45.61 ,(cm/s)
	行  9778: [2024-11-15 10:29:45.903] @@@ User Speed is :( 36c ) , 43.08 ,(cm/s)
	行  9803: [2024-11-15 10:29:46.153] @@@ User Speed is :( 36c ) , 62.48 ,(cm/s)
	行  9828: [2024-11-15 10:29:46.403] @@@ User Speed is :( 36c ) , 20.40 ,(cm/s)
	行  9853: [2024-11-15 10:29:46.652] @@@ User Speed is :( 36c ) , 8.94 ,(cm/s)
	行  9878: [2024-11-15 10:29:46.903] @@@ User Speed is :( 36c ) , 56.57 ,(cm/s)
	行  9903: [2024-11-15 10:29:47.153] @@@ User Speed is :( 36c ) , 64.12 ,(cm/s)
	行  9928: [2024-11-15 10:29:47.410] @@@ User Speed is :( 36c ) , 145.60 ,(cm/s)
	行  9980: [2024-11-15 10:29:47.649] @@@ User Speed is :( 36c ) , 62.61 ,(cm/s)
	行 10000: [2024-11-15 10:29:47.902] @@@ User Speed is :( 36c ) , 119.33 ,(cm/s)
	行 10025: [2024-11-15 10:29:48.152] @@@ User Speed is :( 36c ) , 89.89 ,(cm/s)
	行 10051: [2024-11-15 10:29:48.402] @@@ User Speed is :( 36c ) , 8.94 ,(cm/s)
	行 10076: [2024-11-15 10:29:48.652] @@@ User Speed is :( 36c ) , 12.65 ,(cm/s)
	行 10101: [2024-11-15 10:29:48.902] @@@ User Speed is :( 36c ) , 20.00 ,(cm/s)
	行 10126: [2024-11-15 10:29:49.151] @@@ User Speed is :( 36c ) , 23.32 ,(cm/s)
	行 10151: [2024-11-15 10:29:49.402] @@@ User Speed is :( 36c ) , 20.00 ,(cm/s)
	行 10177: [2024-11-15 10:29:49.652] @@@ User Speed is :( 36c ) , 8.00 ,(cm/s)
	行 10202: [2024-11-15 10:29:49.913] @@@ User Speed is :( 36c ) , 8.00 ,(cm/s)
	行 10259: [2024-11-15 10:29:50.153] @@@ User Speed is :( 36c ) , 11.31 ,(cm/s)
	行 10284: [2024-11-15 10:29:50.402] @@@ User Speed is :( 36c ) , 8.94 ,(cm/s)
	行 10309: [2024-11-15 10:29:50.653] @@@ User Speed is :( 36c ) , 36.88 ,(cm/s)
	行 10334: [2024-11-15 10:29:50.903] @@@ User Speed is :( 36c ) , 26.83 ,(cm/s)
	行 10479: [2024-11-15 10:29:52.403] @@@ User Speed is :( 36c ) , 16.49 ,(cm/s)
	行 10504: [2024-11-15 10:29:52.649] @@@ User Speed is :( 36c ) , 100.00 ,(cm/s)
	行 10524: [2024-11-15 10:29:52.899] @@@ User Speed is :( 36c ) , 114.54 ,(cm/s)
	行 10563: [2024-11-15 10:29:53.401] @@@ User Speed is :( 36c ) , 102.84 ,(cm/s)
	行 10588: [2024-11-15 10:29:53.653] @@@ User Speed is :( 36c ) , 23.32 ,(cm/s)
	行 10613: [2024-11-15 10:29:53.902] @@@ User Speed is :( 36c ) , 101.27 ,(cm/s)
	行 10638: [2024-11-15 10:29:54.153] @@@ User Speed is :( 36c ) , 32.98 ,(cm/s)
	行 10663: [2024-11-15 10:29:54.403] @@@ User Speed is :( 36c ) , 62.10 ,(cm/s)
	行 10688: [2024-11-15 10:29:54.653] @@@ User Speed is :( 36c ) , 93.30 ,(cm/s)
	行 10713: [2024-11-15 10:29:54.903] @@@ User Speed is :( 36c ) , 8.94 ,(cm/s)
	行 10738: [2024-11-15 10:29:55.149] @@@ User Speed is :( 36c ) , 143.22 ,(cm/s)
	行 10758: [2024-11-15 10:29:55.402] @@@ User Speed is :( 36c ) , 101.27 ,(cm/s)
	行 10783: [2024-11-15 10:29:55.653] @@@ User Speed is :( 36c ) , 46.82 ,(cm/s)
	行 10832: [2024-11-15 10:29:56.149] @@@ User Speed is :( 36c ) , 218.69 ,(cm/s)
	行 10871: [2024-11-15 10:29:56.653] @@@ User Speed is :( 36c ) , 348.37 ,(cm/s)
	行 10896: [2024-11-15 10:29:56.903] @@@ User Speed is :( 36c ) , 23.32 ,(cm/s)
	行 10921: [2024-11-15 10:29:57.153] @@@ User Speed is :( 36c ) , 78.59 ,(cm/s)
	行 10946: [2024-11-15 10:29:57.403] @@@ User Speed is :( 36c ) , 84.85 ,(cm/s)
	行 10971: [2024-11-15 10:29:57.652] @@@ User Speed is :( 36c ) , 33.94 ,(cm/s)
	行 10996: [2024-11-15 10:29:57.897] @@@ User Speed is :( 36c ) , 92.35 ,(cm/s)
	行 11016: [2024-11-15 10:29:58.152] @@@ User Speed is :( 36c ) , 65.97 ,(cm/s)
	行 11041: [2024-11-15 10:29:58.403] @@@ User Speed is :( 36c ) , 65.97 ,(cm/s)
	行 11066: [2024-11-15 10:29:58.653] @@@ User Speed is :( 36c ) , 129.24 ,(cm/s)
	行 11091: [2024-11-15 10:29:58.898] @@@ User Speed is :( 36c ) , 248.52 ,(cm/s)
	行 11111: [2024-11-15 10:29:59.149] @@@ User Speed is :( 36c ) , 96.83 ,(cm/s)
	行 11131: [2024-11-15 10:29:59.399] @@@ User Speed is :( 36c ) , 234.40 ,(cm/s)
	行 11151: [2024-11-15 10:29:59.653] @@@ User Speed is :( 36c ) , 146.75 ,(cm/s)
	行 11176: [2024-11-15 10:29:59.902] @@@ User Speed is :( 36c ) , 32.25 ,(cm/s)
	行 11201: [2024-11-15 10:30:00.152] @@@ User Speed is :( 36c ) , 87.73 ,(cm/s)
	行 11226: [2024-11-15 10:30:00.410] @@@ User Speed is :( 36c ) , 108.81 ,(cm/s)
	行 11278: [2024-11-15 10:30:00.649] @@@ User Speed is :( 36c ) , 119.33 ,(cm/s)
	行 11298: [2024-11-15 10:30:00.899] @@@ User Speed is :( 36c ) , 37.95 ,(cm/s)
	行 11318: [2024-11-15 10:30:01.163] @@@ User Speed is :( 36c ) , 237.86 ,(cm/s)
	行 11374: [2024-11-15 10:30:01.398] @@@ User Speed is :( 36c ) , 164.73 ,(cm/s)
	行 11394: [2024-11-15 10:30:01.649] @@@ User Speed is :( 36c ) , 200.36 ,(cm/s)
	行 11414: [2024-11-15 10:30:01.909] @@@ User Speed is :( 36c ) , 260.00 ,(cm/s)
	行 11466: [2024-11-15 10:30:02.152] @@@ User Speed is :( 36c ) , 138.85 ,(cm/s)
	行 11491: [2024-11-15 10:30:02.402] @@@ User Speed is :( 36c ) , 55.71 ,(cm/s)
	行 11516: [2024-11-15 10:30:02.649] @@@ User Speed is :( 36c ) , 150.15 ,(cm/s)
	行 11537: [2024-11-15 10:30:02.902] @@@ User Speed is :( 36c ) , 52.61 ,(cm/s)
	行 11563: [2024-11-15 10:30:03.152] @@@ User Speed is :( 36c ) , 101.98 ,(cm/s)
	行 11626: [2024-11-15 10:30:03.901] @@@ User Speed is :( 36c ) , 199.92 ,(cm/s)
	行 11651: [2024-11-15 10:30:04.152] @@@ User Speed is :( 36c ) , 77.67 ,(cm/s)
	行 11677: [2024-11-15 10:30:04.402] @@@ User Speed is :( 36c ) , 96.33 ,(cm/s)
	行 11702: [2024-11-15 10:30:04.652] @@@ User Speed is :( 36c ) , 82.46 ,(cm/s)
	行 11727: [2024-11-15 10:30:04.898] @@@ User Speed is :( 36c ) , 40.00 ,(cm/s)
	行 11747: [2024-11-15 10:30:05.151] @@@ User Speed is :( 36c ) , 174.95 ,(cm/s)
	行 11772: [2024-11-15 10:30:05.399] @@@ User Speed is :( 36c ) , 179.11 ,(cm/s)
	行 11792: [2024-11-15 10:30:05.649] @@@ User Speed is :( 36c ) , 40.79 ,(cm/s)
	行 11812: [2024-11-15 10:30:05.902] @@@ User Speed is :( 36c ) , 130.29 ,(cm/s)
	行 11837: [2024-11-15 10:30:06.152] @@@ User Speed is :( 36c ) , 104.31 ,(cm/s)
	行 11862: [2024-11-15 10:30:06.413] @@@ User Speed is :( 36c ) , 108.30 ,(cm/s)
	行 11938: [2024-11-15 10:30:06.902] @@@ User Speed is :( 36c ) , 193.33 ,(cm/s)
	行 11963: [2024-11-15 10:30:07.153] @@@ User Speed is :( 36c ) , 130.29 ,(cm/s)
	行 11988: [2024-11-15 10:30:07.399] @@@ User Speed is :( 36c ) , 229.96 ,(cm/s)
	行 12008: [2024-11-15 10:30:07.648] @@@ User Speed is :( 36c ) , 104.31 ,(cm/s)
	行 12028: [2024-11-15 10:30:07.903] @@@ User Speed is :( 36c ) , 124.06 ,(cm/s)
	行 12053: [2024-11-15 10:30:08.152] @@@ User Speed is :( 36c ) , 22.63 ,(cm/s)
	行 12078: [2024-11-15 10:30:08.403] @@@ User Speed is :( 36c ) , 91.21 ,(cm/s)
	行 12120: [2024-11-15 10:30:08.898] @@@ User Speed is :( 36c ) , 137.64 ,(cm/s)
	行 12140: [2024-11-15 10:30:09.153] @@@ User Speed is :( 36c ) , 164.73 ,(cm/s)
	行 12184: [2024-11-15 10:30:09.648] @@@ User Speed is :( 36c ) , 22.63 ,(cm/s)
	行 12204: [2024-11-15 10:30:09.902] @@@ User Speed is :( 36c ) , 124.58 ,(cm/s)
	行 12229: [2024-11-15 10:30:10.152] @@@ User Speed is :( 36c ) , 80.40 ,(cm/s)
	行 12254: [2024-11-15 10:30:10.403] @@@ User Speed is :( 36c ) , 101.98 ,(cm/s)
	行 12279: [2024-11-15 10:30:10.660] @@@ User Speed is :( 36c ) , 118.19 ,(cm/s)
	行 12331: [2024-11-15 10:30:10.900] @@@ User Speed is :( 36c ) , 12.65 ,(cm/s)
	行 12352: [2024-11-15 10:30:11.152] @@@ User Speed is :( 36c ) , 169.80 ,(cm/s)
	行 12377: [2024-11-15 10:30:11.398] @@@ User Speed is :( 36c ) , 132.06 ,(cm/s)
	行 12397: [2024-11-15 10:30:11.650] @@@ User Speed is :( 36c ) , 54.41 ,(cm/s)
	行 12418: [2024-11-15 10:30:11.924] @@@ User Speed is :( 36c ) , 105.60 ,(cm/s)
	行 12475: [2024-11-15 10:30:12.153] @@@ User Speed is :( 36c ) , 84.00 ,(cm/s)
	行 12500: [2024-11-15 10:30:12.399] @@@ User Speed is :( 36c ) , 193.08 ,(cm/s)
	行 12520: [2024-11-15 10:30:12.648] @@@ User Speed is :( 36c ) , 48.83 ,(cm/s)
	行 12540: [2024-11-15 10:30:12.902] @@@ User Speed is :( 36c ) , 118.73 ,(cm/s)
	行 12565: [2024-11-15 10:30:13.148] @@@ User Speed is :( 36c ) , 153.88 ,(cm/s)
	行 12585: [2024-11-15 10:30:13.399] @@@ User Speed is :( 36c ) , 68.82 ,(cm/s)
	行 12605: [2024-11-15 10:30:13.652] @@@ User Speed is :( 36c ) , 116.48 ,(cm/s)
	行 12630: [2024-11-15 10:30:13.902] @@@ User Speed is :( 36c ) , 85.88 ,(cm/s)
	行 12655: [2024-11-15 10:30:14.149] @@@ User Speed is :( 36c ) , 157.43 ,(cm/s)
	行 12675: [2024-11-15 10:30:14.409] @@@ User Speed is :( 36c ) , 100.00 ,(cm/s)
	行 12727: [2024-11-15 10:30:14.649] @@@ User Speed is :( 36c ) , 73.54 ,(cm/s)
	行 12748: [2024-11-15 10:30:14.899] @@@ User Speed is :( 36c ) , 218.83 ,(cm/s)
	行 12769: [2024-11-15 10:30:15.152] @@@ User Speed is :( 36c ) , 46.82 ,(cm/s)
	行 12794: [2024-11-15 10:30:15.402] @@@ User Speed is :( 36c ) , 49.48 ,(cm/s)
	行 12819: [2024-11-15 10:30:15.651] @@@ User Speed is :( 36c ) , 44.72 ,(cm/s)
	行 12844: [2024-11-15 10:30:15.898] @@@ User Speed is :( 36c ) , 150.31 ,(cm/s)
	行 12865: [2024-11-15 10:30:16.149] @@@ User Speed is :( 36c ) , 5.66 ,(cm/s)
	行 12886: [2024-11-15 10:30:16.398] @@@ User Speed is :( 36c ) , 130.60 ,(cm/s)
	行 12906: [2024-11-15 10:30:16.652] @@@ User Speed is :( 36c ) , 188.68 ,(cm/s)
	行 12931: [2024-11-15 10:30:16.901] @@@ User Speed is :( 36c ) , 108.30 ,(cm/s)
	行 12956: [2024-11-15 10:30:17.162] @@@ User Speed is :( 36c ) , 52.15 ,(cm/s)
	行 13013: [2024-11-15 10:30:17.403] @@@ User Speed is :( 36c ) , 39.40 ,(cm/s)
	行 13038: [2024-11-15 10:30:17.652] @@@ User Speed is :( 36c ) , 103.77 ,(cm/s)
	行 13063: [2024-11-15 10:30:17.902] @@@ User Speed is :( 36c ) , 48.83 ,(cm/s)
	行 13112: [2024-11-15 10:30:18.398] @@@ User Speed is :( 36c ) , 234.67 ,(cm/s)
	行 13132: [2024-11-15 10:30:18.648] @@@ User Speed is :( 36c ) , 146.70 ,(cm/s)
	行 13152: [2024-11-15 10:30:18.897] @@@ User Speed is :( 36c ) , 0 ,(cm/s)
	行 13172: [2024-11-15 10:30:19.148] @@@ User Speed is :( 36c ) , 20.00 ,(cm/s)
	行 13192: [2024-11-15 10:30:19.402] @@@ User Speed is :( 36c ) , 96.17 ,(cm/s)
	行 13217: [2024-11-15 10:30:19.648] @@@ User Speed is :( 36c ) , 86.16 ,(cm/s)
	行 13237: [2024-11-15 10:30:19.898] @@@ User Speed is :( 36c ) , 14.42 ,(cm/s)
	行 13257: [2024-11-15 10:30:20.151] @@@ User Speed is :( 36c ) , 76.11 ,(cm/s)
	行 13282: [2024-11-15 10:30:20.402] @@@ User Speed is :( 36c ) , 8.94 ,(cm/s)
	行 13307: [2024-11-15 10:30:20.652] @@@ User Speed is :( 36c ) , 12.65 ,(cm/s)
	行 13332: [2024-11-15 10:30:20.904] @@@ User Speed is :( 36c ) , 41.76 ,(cm/s)
	行 13357: [2024-11-15 10:30:21.152] @@@ User Speed is :( 36c ) , 28.28 ,(cm/s)
	行 13382: [2024-11-15 10:30:21.402] @@@ User Speed is :( 36c ) , 16.49 ,(cm/s)
	行 13407: [2024-11-15 10:30:21.652] @@@ User Speed is :( 36c ) , 34.18 ,(cm/s)
	行 13432: [2024-11-15 10:30:21.902] @@@ User Speed is :( 36c ) , 8.00 ,(cm/s)
	行 13457: [2024-11-15 10:30:22.149] @@@ User Speed is :( 36c ) , 168.81 ,(cm/s)
	行 13477: [2024-11-15 10:30:22.398] @@@ User Speed is :( 36c ) , 141.42 ,(cm/s)
	行 13497: [2024-11-15 10:30:22.652] @@@ User Speed is :( 36c ) , 74.73 ,(cm/s)
	行 13522: [2024-11-15 10:30:22.902] @@@ User Speed is :( 36c ) , 14.42 ,(cm/s)
	行 13547: [2024-11-15 10:30:23.152] @@@ User Speed is :( 36c ) , 29.12 ,(cm/s)
	行 13572: [2024-11-15 10:30:23.402] @@@ User Speed is :( 36c ) , 8.94 ,(cm/s)
	行 13597: [2024-11-15 10:30:23.652] @@@ User Speed is :( 36c ) , 5.66 ,(cm/s)
	行 13622: [2024-11-15 10:30:23.902] @@@ User Speed is :( 36c ) , 4.00 ,(cm/s)
	行 13647: [2024-11-15 10:30:24.152] @@@ User Speed is :( 36c ) , 0 ,(cm/s)
	行 13672: [2024-11-15 10:30:24.402] @@@ User Speed is :( 36c ) , 41.76 ,(cm/s)
	行 13697: [2024-11-15 10:30:24.647] @@@ User Speed is :( 36c ) , 32.00 ,(cm/s)
	行 13717: [2024-11-15 10:30:24.902] @@@ User Speed is :( 36c ) , 57.27 ,(cm/s)
	行 13742: [2024-11-15 10:30:25.152] @@@ User Speed is :( 36c ) , 12.65 ,(cm/s)
	行 13767: [2024-11-15 10:30:25.403] @@@ User Speed is :( 36c ) , 25.30 ,(cm/s)
	行 13792: [2024-11-15 10:30:25.652] @@@ User Speed is :( 36c ) , 8.00 ,(cm/s)
	行 13817: [2024-11-15 10:30:25.901] @@@ User Speed is :( 36c ) , 8.00 ,(cm/s)
	行 13842: [2024-11-15 10:30:26.152] @@@ User Speed is :( 36c ) , 16.00 ,(cm/s)
	行 13867: [2024-11-15 10:30:26.402] @@@ User Speed is :( 36c ) , 12.00 ,(cm/s)
	行 13892: [2024-11-15 10:30:26.652] @@@ User Speed is :( 36c ) , 8.94 ,(cm/s)
	行 13917: [2024-11-15 10:30:26.902] @@@ User Speed is :( 36c ) , 43.08 ,(cm/s)
	行 13942: [2024-11-15 10:30:27.151] @@@ User Speed is :( 36c ) , 5.66 ,(cm/s)
	行 13967: [2024-11-15 10:30:27.401] @@@ User Speed is :( 36c ) , 12.65 ,(cm/s)
	行 13992: [2024-11-15 10:30:27.652] @@@ User Speed is :( 36c ) , 8.94 ,(cm/s)
	行 14017: [2024-11-15 10:30:27.902] @@@ User Speed is :( 36c ) , 0 ,(cm/s)
	行 14042: [2024-11-15 10:30:28.152] @@@ User Speed is :( 36c ) , 8.00 ,(cm/s)
	行 14067: [2024-11-15 10:30:28.402] @@@ User Speed is :( 36c ) , 8.00 ,(cm/s)
	行 14092: [2024-11-15 10:30:28.652] @@@ User Speed is :( 36c ) , 16.97 ,(cm/s)
	行 14117: [2024-11-15 10:30:28.901] @@@ User Speed is :( 36c ) , 40.00 ,(cm/s)
	行 14142: [2024-11-15 10:30:29.152] @@@ User Speed is :( 36c ) , 28.00 ,(cm/s)
	行 14167: [2024-11-15 10:30:29.402] @@@ User Speed is :( 36c ) , 49.48 ,(cm/s)
	行 14192: [2024-11-15 10:30:29.652] @@@ User Speed is :( 36c ) , 4.00 ,(cm/s)
	行 14217: [2024-11-15 10:30:29.902] @@@ User Speed is :( 36c ) , 20.40 ,(cm/s)
	行 14242: [2024-11-15 10:30:30.151] @@@ User Speed is :( 36c ) , 16.49 ,(cm/s)
	行 14267: [2024-11-15 10:30:30.402] @@@ User Speed is :( 36c ) , 11.31 ,(cm/s)
	行 14292: [2024-11-15 10:30:30.652] @@@ User Speed is :( 36c ) , 8.00 ,(cm/s)
	行 14317: [2024-11-15 10:30:30.898] @@@ User Speed is :( 36c ) , 76.11 ,(cm/s)
	行 14337: [2024-11-15 10:30:31.152] @@@ User Speed is :( 36c ) , 76.42 ,(cm/s)
	行 14362: [2024-11-15 10:30:31.401] @@@ User Speed is :( 36c ) , 36.22 ,(cm/s)
	行 14387: [2024-11-15 10:30:31.651] @@@ User Speed is :( 36c ) , 12.65 ,(cm/s)
	行 14412: [2024-11-15 10:30:31.904] @@@ User Speed is :( 36c ) , 8.94 ,(cm/s)
	行 14437: [2024-11-15 10:30:32.152] @@@ User Speed is :( 36c ) , 30.46 ,(cm/s)
	行 14462: [2024-11-15 10:30:32.402] @@@ User Speed is :( 36c ) , 0 ,(cm/s)
	行 14487: [2024-11-15 10:30:32.651] @@@ User Speed is :( 36c ) , 16.00 ,(cm/s)
	行 14512: [2024-11-15 10:30:32.902] @@@ User Speed is :( 36c ) , 16.00 ,(cm/s)
	行 14537: [2024-11-15 10:30:33.152] @@@ User Speed is :( 36c ) , 32.00 ,(cm/s)
	行 14562: [2024-11-15 10:30:33.402] @@@ User Speed is :( 36c ) , 20.00 ,(cm/s)
	行 14587: [2024-11-15 10:30:33.652] @@@ User Speed is :( 36c ) , 16.97 ,(cm/s)
	行 14612: [2024-11-15 10:30:33.901] @@@ User Speed is :( 36c ) , 24.33 ,(cm/s)
	行 14637: [2024-11-15 10:30:34.152] @@@ User Speed is :( 36c ) , 40.00 ,(cm/s)
	行 14662: [2024-11-15 10:30:34.401] @@@ User Speed is :( 36c ) , 71.55 ,(cm/s)
	行 14687: [2024-11-15 10:30:34.652] @@@ User Speed is :( 36c ) , 21.54 ,(cm/s)
	行 14712: [2024-11-15 10:30:34.902] @@@ User Speed is :( 36c ) , 5.66 ,(cm/s)
	行 14737: [2024-11-15 10:30:35.147] @@@ User Speed is :( 36c ) , 60.53 ,(cm/s)
	行 14757: [2024-11-15 10:30:35.402] @@@ User Speed is :( 36c ) , 60.53 ,(cm/s)
	行 14782: [2024-11-15 10:30:35.651] @@@ User Speed is :( 36c ) , 12.00 ,(cm/s)
	行 14807: [2024-11-15 10:30:35.919] @@@ User Speed is :( 36c ) , 69.05 ,(cm/s)
	行 14859: [2024-11-15 10:30:36.172] @@@ User Speed is :( 36c ) , 50.60 ,(cm/s)
	行 14916: [2024-11-15 10:30:36.398] @@@ User Speed is :( 36c ) , 80.89 ,(cm/s)
	行 14936: [2024-11-15 10:30:36.648] @@@ User Speed is :( 36c ) , 4.00 ,(cm/s)
	行 14956: [2024-11-15 10:30:36.897] @@@ User Speed is :( 36c ) , 5.66 ,(cm/s)
	行 14976: [2024-11-15 10:30:37.148] @@@ User Speed is :( 36c ) , 12.65 ,(cm/s)
	行 14996: [2024-11-15 10:30:37.402] @@@ User Speed is :( 36c ) , 88.36 ,(cm/s)
	行 15021: [2024-11-15 10:30:37.651] @@@ User Speed is :( 36c ) , 49.48 ,(cm/s)
	行 15046: [2024-11-15 10:30:37.902] @@@ User Speed is :( 36c ) , 40.20 ,(cm/s)
	行 15071: [2024-11-15 10:30:38.147] @@@ User Speed is :( 36c ) , 68.12 ,(cm/s)
	行 15091: [2024-11-15 10:30:38.398] @@@ User Speed is :( 36c ) , 5.66 ,(cm/s)
	行 15111: [2024-11-15 10:30:38.646] @@@ User Speed is :( 36c ) , 5.66 ,(cm/s)
	行 15131: [2024-11-15 10:30:38.902] @@@ User Speed is :( 36c ) , 37.95 ,(cm/s)
	行 15156: [2024-11-15 10:30:39.152] @@@ User Speed is :( 36c ) , 37.95 ,(cm/s)
	行 15181: [2024-11-15 10:30:39.401] @@@ User Speed is :( 36c ) , 50.60 ,(cm/s)
	行 15206: [2024-11-15 10:30:39.652] @@@ User Speed is :( 36c ) , 20.40 ,(cm/s)
	行 15231: [2024-11-15 10:30:39.902] @@@ User Speed is :( 36c ) , 16.49 ,(cm/s)
	行 15256: [2024-11-15 10:30:40.147] @@@ User Speed is :( 36c ) , 68.47 ,(cm/s)
	行 15276: [2024-11-15 10:30:40.402] @@@ User Speed is :( 36c ) , 65.12 ,(cm/s)
	行 15301: [2024-11-15 10:30:40.650] @@@ User Speed is :( 36c ) , 5.66 ,(cm/s)
	行 15326: [2024-11-15 10:30:40.902] @@@ User Speed is :( 36c ) , 12.65 ,(cm/s)
	行 15351: [2024-11-15 10:30:41.152] @@@ User Speed is :( 36c ) , 25.61 ,(cm/s)
	行 15376: [2024-11-15 10:30:41.401] @@@ User Speed is :( 36c ) , 25.30 ,(cm/s)
	行 15401: [2024-11-15 10:30:41.652] @@@ User Speed is :( 36c ) , 14.42 ,(cm/s)
	行 15426: [2024-11-15 10:30:41.901] @@@ User Speed is :( 36c ) , 8.94 ,(cm/s)
	行 15451: [2024-11-15 10:30:42.147] @@@ User Speed is :( 36c ) , 56.14 ,(cm/s)
	行 15471: [2024-11-15 10:30:42.396] @@@ User Speed is :( 36c ) , 5.66 ,(cm/s)
	行 15491: [2024-11-15 10:30:42.651] @@@ User Speed is :( 36c ) , 74.73 ,(cm/s)
	行 15516: [2024-11-15 10:30:42.902] @@@ User Speed is :( 36c ) , 36.88 ,(cm/s)
	行 15541: [2024-11-15 10:30:43.151] @@@ User Speed is :( 36c ) , 24.33 ,(cm/s)
	行 15566: [2024-11-15 10:30:43.396] @@@ User Speed is :( 36c ) , 68.12 ,(cm/s)
	行 15586: [2024-11-15 10:30:43.647] @@@ User Speed is :( 36c ) , 137.46 ,(cm/s)
	行 15606: [2024-11-15 10:30:43.902] @@@ User Speed is :( 36c ) , 161.99 ,(cm/s)
	行 15631: [2024-11-15 10:30:44.152] @@@ User Speed is :( 36c ) , 12.00 ,(cm/s)
	行 15656: [2024-11-15 10:30:44.401] @@@ User Speed is :( 36c ) , 8.94 ,(cm/s)
	行 15681: [2024-11-15 10:30:44.647] @@@ User Speed is :( 36c ) , 64.00 ,(cm/s)
	行 15701: [2024-11-15 10:30:44.901] @@@ User Speed is :( 36c ) , 72.99 ,(cm/s)
	行 15726: [2024-11-15 10:30:45.152] @@@ User Speed is :( 36c ) , 25.30 ,(cm/s)
	行 15751: [2024-11-15 10:30:45.402] @@@ User Speed is :( 36c ) , 46.65 ,(cm/s)
	行 15776: [2024-11-15 10:30:45.651] @@@ User Speed is :( 36c ) , 8.94 ,(cm/s)
	行 15801: [2024-11-15 10:30:45.902] @@@ User Speed is :( 36c ) , 8.94 ,(cm/s)
	行 15826: [2024-11-15 10:30:46.151] @@@ User Speed is :( 36c ) , 12.65 ,(cm/s)
	行 15851: [2024-11-15 10:30:46.401] @@@ User Speed is :( 36c ) , 16.49 ,(cm/s)
	行 15876: [2024-11-15 10:30:46.651] @@@ User Speed is :( 36c ) , 8.00 ,(cm/s)
	行 15901: [2024-11-15 10:30:46.901] @@@ User Speed is :( 36c ) , 53.67 ,(cm/s)
	行 15926: [2024-11-15 10:30:47.152] @@@ User Speed is :( 36c ) , 25.61 ,(cm/s)
	行 15951: [2024-11-15 10:30:47.397] @@@ User Speed is :( 36c ) , 68.47 ,(cm/s)
	行 15971: [2024-11-15 10:30:47.652] @@@ User Speed is :( 36c ) , 77.67 ,(cm/s)
	行 15996: [2024-11-15 10:30:47.901] @@@ User Speed is :( 36c ) , 22.63 ,(cm/s)
	行 16021: [2024-11-15 10:30:48.151] @@@ User Speed is :( 36c ) , 20.00 ,(cm/s)
	行 16046: [2024-11-15 10:30:48.402] @@@ User Speed is :( 36c ) , 16.49 ,(cm/s)
	行 16071: [2024-11-15 10:30:48.657] @@@ User Speed is :( 36c ) , 48.17 ,(cm/s)
	行 16123: [2024-11-15 10:30:48.911] @@@ User Speed is :( 36c ) , 52.15 ,(cm/s)
	行 16179: [2024-11-15 10:30:49.151] @@@ User Speed is :( 36c ) , 12.00 ,(cm/s)
	行 16204: [2024-11-15 10:30:49.396] @@@ User Speed is :( 36c ) , 52.15 ,(cm/s)
	行 16224: [2024-11-15 10:30:49.652] @@@ User Speed is :( 36c ) , 48.00 ,(cm/s)
	行 16249: [2024-11-15 10:30:49.897] @@@ User Speed is :( 36c ) , 44.72 ,(cm/s)
	行 16269: [2024-11-15 10:30:50.152] @@@ User Speed is :( 36c ) , 60.00 ,(cm/s)
	行 16294: [2024-11-15 10:30:50.401] @@@ User Speed is :( 36c ) , 0 ,(cm/s)
	行 16319: [2024-11-15 10:30:50.651] @@@ User Speed is :( 36c ) , 17.89 ,(cm/s)
	行 16344: [2024-11-15 10:30:50.900] @@@ User Speed is :( 36c ) , 0 ,(cm/s)
	行 16369: [2024-11-15 10:30:51.151] @@@ User Speed is :( 36c ) , 12.65 ,(cm/s)
	行 16394: [2024-11-15 10:30:51.401] @@@ User Speed is :( 36c ) , 41.76 ,(cm/s)
	行 16419: [2024-11-15 10:30:51.650] @@@ User Speed is :( 36c ) , 8.94 ,(cm/s)
	行 16444: [2024-11-15 10:30:51.901] @@@ User Speed is :( 36c ) , 5.66 ,(cm/s)
	行 16469: [2024-11-15 10:30:52.152] @@@ User Speed is :( 36c ) , 8.00 ,(cm/s)
	行 16494: [2024-11-15 10:30:52.402] @@@ User Speed is :( 36c ) , 4.00 ,(cm/s)
	行 16519: [2024-11-15 10:30:52.652] @@@ User Speed is :( 36c ) , 24.00 ,(cm/s)
	行 16544: [2024-11-15 10:30:52.901] @@@ User Speed is :( 36c ) , 24.33 ,(cm/s)
	行 16569: [2024-11-15 10:30:53.151] @@@ User Speed is :( 36c ) , 12.00 ,(cm/s)
	行 16594: [2024-11-15 10:30:53.402] @@@ User Speed is :( 36c ) , 5.66 ,(cm/s)
	行 16619: [2024-11-15 10:30:53.651] @@@ User Speed is :( 36c ) , 5.66 ,(cm/s)
	行 16644: [2024-11-15 10:30:53.912] @@@ User Speed is :( 36c ) , 4.00 ,(cm/s)
	行 16669: [2024-11-15 10:30:54.151] @@@ User Speed is :( 36c ) , 14.42 ,(cm/s)
	行 16694: [2024-11-15 10:30:54.401] @@@ User Speed is :( 36c ) , 20.00 ,(cm/s)
	行 16719: [2024-11-15 10:30:54.651] @@@ User Speed is :( 36c ) , 16.00 ,(cm/s)
	行 16744: [2024-11-15 10:30:54.901] @@@ User Speed is :( 36c ) , 20.00 ,(cm/s)
	行 16769: [2024-11-15 10:30:55.152] @@@ User Speed is :( 36c ) , 4.00 ,(cm/s)
	行 16794: [2024-11-15 10:30:55.401] @@@ User Speed is :( 36c ) , 16.00 ,(cm/s)
	行 16819: [2024-11-15 10:30:55.651] @@@ User Speed is :( 36c ) , 20.40 ,(cm/s)
	行 16844: [2024-11-15 10:30:55.901] @@@ User Speed is :( 36c ) , 4.00 ,(cm/s)
	行 16869: [2024-11-15 10:30:56.151] @@@ User Speed is :( 36c ) , 32.98 ,(cm/s)
	行 16894: [2024-11-15 10:30:56.402] @@@ User Speed is :( 36c ) , 24.00 ,(cm/s)
	行 16919: [2024-11-15 10:30:56.646] @@@ User Speed is :( 36c ) , 65.12 ,(cm/s)
	行 16939: [2024-11-15 10:30:56.901] @@@ User Speed is :( 36c ) , 53.37 ,(cm/s)
	行 16964: [2024-11-15 10:30:57.151] @@@ User Speed is :( 36c ) , 48.33 ,(cm/s)
	行 16989: [2024-11-15 10:30:57.397] @@@ User Speed is :( 36c ) , 106.73 ,(cm/s)
	行 17009: [2024-11-15 10:30:57.652] @@@ User Speed is :( 36c ) , 101.27 ,(cm/s)
	行 17034: [2024-11-15 10:30:57.900] @@@ User Speed is :( 36c ) , 8.94 ,(cm/s)
	行 17059: [2024-11-15 10:30:58.151] @@@ User Speed is :( 36c ) , 14.42 ,(cm/s)
	行 17084: [2024-11-15 10:30:58.401] @@@ User Speed is :( 36c ) , 20.00 ,(cm/s)
	行 17109: [2024-11-15 10:30:58.651] @@@ User Speed is :( 36c ) , 8.00 ,(cm/s)
	行 17134: [2024-11-15 10:30:58.901] @@@ User Speed is :( 36c ) , 21.54 ,(cm/s)
	行 17159: [2024-11-15 10:30:59.151] @@@ User Speed is :( 36c ) , 41.18 ,(cm/s)
	行 17184: [2024-11-15 10:30:59.401] @@@ User Speed is :( 36c ) , 29.12 ,(cm/s)
	行 17209: [2024-11-15 10:30:59.651] @@@ User Speed is :( 36c ) , 8.00 ,(cm/s)
	行 17234: [2024-11-15 10:30:59.901] @@@ User Speed is :( 36c ) , 8.94 ,(cm/s)
	行 17259: [2024-11-15 10:31:00.152] @@@ User Speed is :( 36c ) , 36.22 ,(cm/s)
	行 17284: [2024-11-15 10:31:00.397] @@@ User Speed is :( 36c ) , 40.20 ,(cm/s)
	行 17304: [2024-11-15 10:31:00.646] @@@ User Speed is :( 36c ) , 8.94 ,(cm/s)
	行 17324: [2024-11-15 10:31:00.901] @@@ User Speed is :( 36c ) , 68.12 ,(cm/s)
	行 17349: [2024-11-15 10:31:01.147] @@@ User Speed is :( 36c ) , 115.38 ,(cm/s)
	行 17369: [2024-11-15 10:31:01.401] @@@ User Speed is :( 36c ) , 119.33 ,(cm/s)
	行 17394: [2024-11-15 10:31:01.651] @@@ User Speed is :( 36c ) , 5.66 ,(cm/s)
	行 17419: [2024-11-15 10:31:01.901] @@@ User Speed is :( 36c ) , 14.42 ,(cm/s)
	行 17444: [2024-11-15 10:31:02.150] @@@ User Speed is :( 36c ) , 16.00 ,(cm/s)
	行 17469: [2024-11-15 10:31:02.401] @@@ User Speed is :( 36c ) , 32.25 ,(cm/s)
	行 17494: [2024-11-15 10:31:02.651] @@@ User Speed is :( 36c ) , 37.95 ,(cm/s)
	行 17519: [2024-11-15 10:31:02.901] @@@ User Speed is :( 36c ) , 8.00 ,(cm/s)
	行 17544: [2024-11-15 10:31:03.151] @@@ User Speed is :( 36c ) , 23.32 ,(cm/s)
	行 17569: [2024-11-15 10:31:03.400] @@@ User Speed is :( 36c ) , 21.54 ,(cm/s)
	行 17594: [2024-11-15 10:31:03.651] @@@ User Speed is :( 36c ) , 8.00 ,(cm/s)
	行 17619: [2024-11-15 10:31:03.900] @@@ User Speed is :( 36c ) , 40.79 ,(cm/s)
	行 17644: [2024-11-15 10:31:04.151] @@@ User Speed is :( 36c ) , 11.31 ,(cm/s)
	行 17669: [2024-11-15 10:31:04.400] @@@ User Speed is :( 36c ) , 0 ,(cm/s)
	行 17694: [2024-11-15 10:31:04.647] @@@ User Speed is :( 36c ) , 72.11 ,(cm/s)
	行 17714: [2024-11-15 10:31:04.901] @@@ User Speed is :( 36c ) , 121.85 ,(cm/s)
	行 17739: [2024-11-15 10:31:05.147] @@@ User Speed is :( 36c ) , 126.49 ,(cm/s)
	行 17759: [2024-11-15 10:31:05.400] @@@ User Speed is :( 36c ) , 88.81 ,(cm/s)
	行 17784: [2024-11-15 10:31:05.646] @@@ User Speed is :( 36c ) , 88.36 ,(cm/s)
	行 17804: [2024-11-15 10:31:05.900] @@@ User Speed is :( 36c ) , 88.09 ,(cm/s)
	行 17829: [2024-11-15 10:31:06.151] @@@ User Speed is :( 36c ) , 16.49 ,(cm/s)
	行 17854: [2024-11-15 10:31:06.397] @@@ User Speed is :( 36c ) , 72.44 ,(cm/s)
	行 17874: [2024-11-15 10:31:06.651] @@@ User Speed is :( 36c ) , 72.11 ,(cm/s)
	行 17899: [2024-11-15 10:31:06.901] @@@ User Speed is :( 36c ) , 30.46 ,(cm/s)
	行 17924: [2024-11-15 10:31:07.150] @@@ User Speed is :( 36c ) , 17.89 ,(cm/s)
	行 17949: [2024-11-15 10:31:07.400] @@@ User Speed is :( 36c ) , 4.00 ,(cm/s)
	行 17974: [2024-11-15 10:31:07.650] @@@ User Speed is :( 36c ) , 8.00 ,(cm/s)
	行 17999: [2024-11-15 10:31:07.900] @@@ User Speed is :( 36c ) , 28.28 ,(cm/s)
	行 18024: [2024-11-15 10:31:08.150] @@@ User Speed is :( 36c ) , 4.00 ,(cm/s)
	行 18049: [2024-11-15 10:31:08.401] @@@ User Speed is :( 36c ) , 5.66 ,(cm/s)
	行 18074: [2024-11-15 10:31:08.651] @@@ User Speed is :( 36c ) , 43.08 ,(cm/s)
	行 18099: [2024-11-15 10:31:08.901] @@@ User Speed is :( 36c ) , 16.00 ,(cm/s)
	行 18124: [2024-11-15 10:31:09.146] @@@ User Speed is :( 36c ) , 76.94 ,(cm/s)
	行 18137: [2024-11-15 10:31:09.396] @@@ User Speed is :( 36c ) , 5.66 ,(cm/s)
	行 18157: [2024-11-15 10:31:09.651] @@@ User Speed is :( 36c ) , 96.75 ,(cm/s)
	行 18182: [2024-11-15 10:31:09.901] @@@ User Speed is :( 36c ) , 44.72 ,(cm/s)
	行 18207: [2024-11-15 10:31:10.151] @@@ User Speed is :( 36c ) , 16.97 ,(cm/s)
	行 18232: [2024-11-15 10:31:10.401] @@@ User Speed is :( 36c ) , 39.40 ,(cm/s)
	行 18257: [2024-11-15 10:31:10.649] @@@ User Speed is :( 36c ) , 50.60 ,(cm/s)
	行 18282: [2024-11-15 10:31:10.901] @@@ User Speed is :( 36c ) , 8.94 ,(cm/s)
	行 18307: [2024-11-15 10:31:11.151] @@@ User Speed is :( 36c ) , 17.89 ,(cm/s)
	行 18332: [2024-11-15 10:31:11.400] @@@ User Speed is :( 36c ) , 5.66 ,(cm/s)
	行 18357: [2024-11-15 10:31:11.646] @@@ User Speed is :( 36c ) , 44.18 ,(cm/s)
	行 18377: [2024-11-15 10:31:11.900] @@@ User Speed is :( 36c ) , 64.12 ,(cm/s)
	行 18402: [2024-11-15 10:31:12.151] @@@ User Speed is :( 36c ) , 8.94 ,(cm/s)
	行 18427: [2024-11-15 10:31:12.396] @@@ User Speed is :( 36c ) , 76.42 ,(cm/s)
	行 18447: [2024-11-15 10:31:12.646] @@@ User Speed is :( 36c ) , 8.94 ,(cm/s)
	行 18467: [2024-11-15 10:31:12.896] @@@ User Speed is :( 36c ) , 4.00 ,(cm/s)
	行 18487: [2024-11-15 10:31:13.150] @@@ User Speed is :( 36c ) , 80.10 ,(cm/s)
	行 18512: [2024-11-15 10:31:13.400] @@@ User Speed is :( 36c ) , 11.31 ,(cm/s)
	行 18537: [2024-11-15 10:31:13.647] @@@ User Speed is :( 36c ) , 105.91 ,(cm/s)
	行 18557: [2024-11-15 10:31:13.900] @@@ User Speed is :( 36c ) , 90.24 ,(cm/s)
	行 18582: [2024-11-15 10:31:14.152] @@@ User Speed is :( 36c ) , 8.94 ,(cm/s)
	行 18607: [2024-11-15 10:31:14.397] @@@ User Speed is :( 36c ) , 76.42 ,(cm/s)
	行 18627: [2024-11-15 10:31:14.651] @@@ User Speed is :( 36c ) , 92.35 ,(cm/s)
	行 18652: [2024-11-15 10:31:14.900] @@@ User Speed is :( 36c ) , 12.65 ,(cm/s)
	行 18677: [2024-11-15 10:31:15.162] @@@ User Speed is :( 36c ) , 22.63 ,(cm/s)
	行 18702: [2024-11-15 10:31:15.400] @@@ User Speed is :( 36c ) , 20.00 ,(cm/s)
	行 18727: [2024-11-15 10:31:15.650] @@@ User Speed is :( 36c ) , 16.00 ,(cm/s)
	行 18752: [2024-11-15 10:31:15.902] @@@ User Speed is :( 36c ) , 11.31 ,(cm/s)
	行 18777: [2024-11-15 10:31:16.149] @@@ User Speed is :( 36c ) , 8.94 ,(cm/s)
	行 18802: [2024-11-15 10:31:16.401] @@@ User Speed is :( 36c ) , 8.94 ,(cm/s)
	行 18827: [2024-11-15 10:31:16.651] @@@ User Speed is :( 36c ) , 0 ,(cm/s)
	行 18852: [2024-11-15 10:31:16.896] @@@ User Speed is :( 36c ) , 48.66 ,(cm/s)
	行 18872: [2024-11-15 10:31:17.151] @@@ User Speed is :( 36c ) , 48.17 ,(cm/s)
	行 18897: [2024-11-15 10:31:17.407] @@@ User Speed is :( 36c ) , 36.88 ,(cm/s)
	行 18949: [2024-11-15 10:31:17.661] @@@ User Speed is :( 36c ) , 25.30 ,(cm/s)
	行 19006: [2024-11-15 10:31:17.901] @@@ User Speed is :( 36c ) , 8.94 ,(cm/s)
	行 19031: [2024-11-15 10:31:18.150] @@@ User Speed is :( 36c ) , 5.66 ,(cm/s)
	行 19056: [2024-11-15 10:31:18.401] @@@ User Speed is :( 36c ) , 14.42 ,(cm/s)
	行 19081: [2024-11-15 10:31:18.650] @@@ User Speed is :( 36c ) , 20.40 ,(cm/s)
	行 19106: [2024-11-15 10:31:18.900] @@@ User Speed is :( 36c ) , 139.54 ,(cm/s)
	行 19131: [2024-11-15 10:31:19.150] @@@ User Speed is :( 36c ) , 132.97 ,(cm/s)
	行 19156: [2024-11-15 10:31:19.400] @@@ User Speed is :( 36c ) , 12.65 ,(cm/s)
	行 19181: [2024-11-15 10:31:19.651] @@@ User Speed is :( 36c ) , 25.30 ,(cm/s)
	行 19206: [2024-11-15 10:31:19.896] @@@ User Speed is :( 36c ) , 48.17 ,(cm/s)
	行 19226: [2024-11-15 10:31:20.146] @@@ User Speed is :( 36c ) , 8.94 ,(cm/s)
	行 19246: [2024-11-15 10:31:20.401] @@@ User Speed is :( 36c ) , 84.38 ,(cm/s)
	行 19271: [2024-11-15 10:31:20.650] @@@ User Speed is :( 36c ) , 16.00 ,(cm/s)
	行 19296: [2024-11-15 10:31:20.901] @@@ User Speed is :( 36c ) , 21.54 ,(cm/s)
	行 19321: [2024-11-15 10:31:21.146] @@@ User Speed is :( 36c ) , 93.38 ,(cm/s)
	行 19341: [2024-11-15 10:31:21.401] @@@ User Speed is :( 36c ) , 72.44 ,(cm/s)
	行 19366: [2024-11-15 10:31:21.650] @@@ User Speed is :( 36c ) , 12.65 ,(cm/s)
	行 19391: [2024-11-15 10:31:21.896] @@@ User Speed is :( 36c ) , 88.36 ,(cm/s)
	行 19411: [2024-11-15 10:31:22.150] @@@ User Speed is :( 36c ) , 100.32 ,(cm/s)
	行 19436: [2024-11-15 10:31:22.400] @@@ User Speed is :( 36c ) , 12.00 ,(cm/s)
	行 19461: [2024-11-15 10:31:22.645] @@@ User Speed is :( 36c ) , 72.44 ,(cm/s)
	行 19481: [2024-11-15 10:31:22.900] @@@ User Speed is :( 36c ) , 69.86 ,(cm/s)
	行 19506: [2024-11-15 10:31:23.161] @@@ User Speed is :( 36c ) , 8.94 ,(cm/s)
	行 19531: [2024-11-15 10:31:23.401] @@@ User Speed is :( 36c ) , 14.42 ,(cm/s)
	行 19556: [2024-11-15 10:31:23.650] @@@ User Speed is :( 36c ) , 4.00 ,(cm/s)
	行 19581: [2024-11-15 10:31:23.901] @@@ User Speed is :( 36c ) , 21.54 ,(cm/s)
	行 19606: [2024-11-15 10:31:24.146] @@@ User Speed is :( 36c ) , 72.00 ,(cm/s)
	行 19626: [2024-11-15 10:31:24.396] @@@ User Speed is :( 36c ) , 4.00 ,(cm/s)
	行 19646: [2024-11-15 10:31:24.651] @@@ User Speed is :( 36c ) , 84.10 ,(cm/s)
	行 19671: [2024-11-15 10:31:24.900] @@@ User Speed is :( 36c ) , 8.94 ,(cm/s)
	行 19696: [2024-11-15 10:31:25.151] @@@ User Speed is :( 36c ) , 12.65 ,(cm/s)
	行 19721: [2024-11-15 10:31:25.400] @@@ User Speed is :( 36c ) , 16.00 ,(cm/s)
	行 19746: [2024-11-15 10:31:25.650] @@@ User Speed is :( 36c ) , 12.65 ,(cm/s)
	行 19771: [2024-11-15 10:31:25.901] @@@ User Speed is :( 36c ) , 12.65 ,(cm/s)
	行 19796: [2024-11-15 10:31:26.157] @@@ User Speed is :( 36c ) , 44.72 ,(cm/s)
	行 19848: [2024-11-15 10:31:26.411] @@@ User Speed is :( 36c ) , 65.97 ,(cm/s)
	行 19904: [2024-11-15 10:31:26.649] @@@ User Speed is :( 36c ) , 28.00 ,(cm/s)
	行 19929: [2024-11-15 10:31:26.900] @@@ User Speed is :( 36c ) , 4.00 ,(cm/s)
	行 19954: [2024-11-15 10:31:27.145] @@@ User Speed is :( 36c ) , 67.05 ,(cm/s)
	行 19974: [2024-11-15 10:31:27.400] @@@ User Speed is :( 36c ) , 72.44 ,(cm/s)
	行 19999: [2024-11-15 10:31:27.645] @@@ User Speed is :( 36c ) , 80.89 ,(cm/s)
	行 20019: [2024-11-15 10:31:27.900] @@@ User Speed is :( 36c ) , 86.35 ,(cm/s)
	行 20044: [2024-11-15 10:31:28.145] @@@ User Speed is :( 36c ) , 97.32 ,(cm/s)
	行 20064: [2024-11-15 10:31:28.399] @@@ User Speed is :( 36c ) , 92.35 ,(cm/s)
	行 20089: [2024-11-15 10:31:28.646] @@@ User Speed is :( 36c ) , 88.36 ,(cm/s)
	行 20109: [2024-11-15 10:31:28.901] @@@ User Speed is :( 36c ) , 76.11 ,(cm/s)
	行 20134: [2024-11-15 10:31:29.151] @@@ User Speed is :( 36c ) , 21.54 ,(cm/s)
	行 20159: [2024-11-15 10:31:29.395] @@@ User Speed is :( 36c ) , 77.67 ,(cm/s)
	行 20179: [2024-11-15 10:31:29.650] @@@ User Speed is :( 36c ) , 65.12 ,(cm/s)
	行 20204: [2024-11-15 10:31:29.900] @@@ User Speed is :( 36c ) , 22.63 ,(cm/s)
	行 20229: [2024-11-15 10:31:30.151] @@@ User Speed is :( 36c ) , 16.97 ,(cm/s)
	行 20254: [2024-11-15 10:31:30.400] @@@ User Speed is :( 36c ) , 20.40 ,(cm/s)
	行 20279: [2024-11-15 10:31:30.650] @@@ User Speed is :( 36c ) , 20.40 ,(cm/s)
	行 20304: [2024-11-15 10:31:30.900] @@@ User Speed is :( 36c ) , 12.65 ,(cm/s)
	行 20329: [2024-11-15 10:31:31.146] @@@ User Speed is :( 36c ) , 36.22 ,(cm/s)
	行 20349: [2024-11-15 10:31:31.400] @@@ User Speed is :( 36c ) , 69.86 ,(cm/s)
	行 20374: [2024-11-15 10:31:31.657] @@@ User Speed is :( 36c ) , 53.37 ,(cm/s)
	行 20426: [2024-11-15 10:31:31.895] @@@ User Speed is :( 36c ) , 52.00 ,(cm/s)
	行 20446: [2024-11-15 10:31:32.160] @@@ User Speed is :( 36c ) , 92.35 ,(cm/s)
	行 20502: [2024-11-15 10:31:32.400] @@@ User Speed is :( 36c ) , 14.42 ,(cm/s)
	行 20527: [2024-11-15 10:31:32.651] @@@ User Speed is :( 36c ) , 20.40 ,(cm/s)
	行 20552: [2024-11-15 10:31:32.900] @@@ User Speed is :( 36c ) , 0 ,(cm/s)
	行 20577: [2024-11-15 10:31:33.158] @@@ User Speed is :( 36c ) , 56.57 ,(cm/s)
	行 20629: [2024-11-15 10:31:33.400] @@@ User Speed is :( 36c ) , 28.00 ,(cm/s)
	行 20654: [2024-11-15 10:31:33.649] @@@ User Speed is :( 36c ) , 4.00 ,(cm/s)
	行 20679: [2024-11-15 10:31:33.900] @@@ User Speed is :( 36c ) , 8.94 ,(cm/s)
	行 20704: [2024-11-15 10:31:34.146] @@@ User Speed is :( 36c ) , 64.12 ,(cm/s)
	行 20724: [2024-11-15 10:31:34.399] @@@ User Speed is :( 36c ) , 74.73 ,(cm/s)
	行 20749: [2024-11-15 10:31:34.646] @@@ User Speed is :( 36c ) , 89.44 ,(cm/s)
	行 20769: [2024-11-15 10:31:34.896] @@@ User Speed is :( 36c ) , 16.49 ,(cm/s)
	行 20789: [2024-11-15 10:31:35.145] @@@ User Speed is :( 36c ) , 8.00 ,(cm/s)